EmployerId,Offered,Status
363773443,ProductX,Lost
186941116,ProductX,Lost
511147993,ProductX,Lost
46777684,ProductX,Lost
115068663,ProductX,Lost
673771305,ProductX,Lost
628194837,ProductX,Lost
699182992,ProductX,Sold
445944,ProductX,Lost
509983382,ProductX,Lost
589766893,ProductX,Lost
603676360,ProductX,Lost
512262,ProductX,Lost
609037334,ProductX,Lost
556763,ProductX,Lost
695654073,ProductX,Sold
270638897,ProductX,Lost
792227,ProductX,Lost
652956,ProductX,Lost
479659,ProductX,Lost
21733592,ProductX,Lost
420935428,ProductX,Lost
392635177,ProductX,Lost
688300033,ProductX,Lost
274489039,ProductX,Sold
629803,ProductX,Lost
578399632,ProductX,Lost
269778799,ProductX,Lost
690926401,ProductX,Lost
472946,ProductX,Lost
721679,ProductX,Lost
507293,ProductX,Lost
306835575,ProductX,Lost
702062,ProductX,Lost
693209689,ProductX,Lost
361530666,ProductX,Sold
440635,ProductX,Lost
650278209,ProductX,Sold
627586,ProductX,Lost
682048543,ProductX,Lost
525647,ProductX,Lost
617634,ProductX,Lost
386662269,ProductX,Sold
475131,ProductX,Lost
615780097,ProductX,Lost
641031,ProductX,Lost
468005,ProductX,Lost
650552527,ProductX,Lost
546233312,ProductX,Lost
265788730,ProductX,Lost
698590746,ProductX,Lost
44725365,ProductX,Lost
835587,ProductX,Sold
678495,ProductX,Lost
464574884,ProductX,Lost
220318565,ProductX,Lost
675909339,ProductX,Lost
670609601,ProductX,Sold
585956,ProductX,Lost
362969202,ProductX,Sold
287563480,ProductX,Lost
694181381,ProductX,Lost
562493,ProductX,Lost
298003187,ProductX,Lost
557644,ProductX,Lost
446319401,ProductX,Sold
521170,ProductX,Lost
576151827,ProductX,Lost
568880441,ProductX,Lost
747676,ProductX,Lost
625849411,ProductX,Lost
520562647,ProductX,Lost
536732694,ProductX,Sold
553813380,ProductX,Lost
470408,ProductX,Lost
348736537,ProductX,Lost
566256676,ProductX,Lost
723787,ProductX,Lost
528336550,ProductX,Lost
518759322,ProductX,Sold
103548342,ProductX,Lost
252054056,ProductX,Lost
742463,ProductX,Lost
538935709,ProductX,Lost
866690,ProductX,Lost
490247038,ProductX,Lost
579439432,ProductX,Lost
610321647,ProductX,Lost
133103728,ProductX,Lost
677227762,ProductX,Sold
67082664,ProductX,Lost
466389,ProductX,Lost
638821665,ProductX,Lost
385155059,ProductX,Sold
811624,ProductX,Lost
555836275,ProductX,Lost
266427298,ProductX,Sold
623693004,ProductX,Lost
679502,ProductX,Sold
644531058,ProductX,Lost
125064557,ProductX,Lost
372311025,ProductX,Lost
441206,ProductX,Lost
710056948,ProductX,Lost
132592681,ProductX,Lost
358080779,ProductX,Lost
568476210,ProductX,Lost
587362,ProductX,Lost
575797672,ProductX,Sold
514432530,ProductX,Lost
596381,ProductX,Lost
664292,ProductX,Lost
558296288,ProductX,Lost
818412,ProductX,Sold
375666935,ProductX,Lost
495133725,ProductX,Lost
441350184,ProductX,Sold
161056833,ProductX,Lost
699735,ProductX,Lost
650033140,ProductX,Lost
683131909,ProductX,Lost
701545,ProductX,Lost
657074220,ProductX,Sold
513422367,ProductX,Sold
616274,ProductX,Lost
566287770,ProductX,Lost
666791416,ProductX,Sold
640267,ProductX,Lost
753974,ProductX,Lost
737596,ProductX,Lost
411881268,ProductX,Lost
654530,ProductX,Lost
469221196,ProductX,Sold
541418709,ProductX,Lost
694479812,ProductX,Lost
24510942,ProductX,Lost
632343,ProductX,Lost
121897354,ProductX,Lost
656580673,ProductX,Sold
706056,ProductX,Lost
269590117,ProductX,Lost
630225043,ProductX,Sold
474710,ProductX,Lost
529882133,ProductX,Sold
172193200,ProductX,Sold
719242,ProductX,Lost
478605151,ProductX,Lost
212765942,ProductX,Lost
371020793,ProductX,Lost
536298300,ProductX,Lost
827885,ProductX,Lost
257030503,ProductX,Lost
646895,ProductX,Lost
254099926,ProductX,Lost
245813207,ProductX,Lost
163252825,ProductX,Lost
254481867,ProductX,Sold
528301,ProductX,Lost
650278288,ProductX,Lost
2204244,ProductX,Lost
554986859,ProductX,Lost
452440172,ProductX,Lost
517210,ProductX,Sold
205430146,ProductX,Lost
578519874,ProductX,Lost
353144806,ProductX,Lost
651701519,ProductX,Lost
269476973,ProductX,Lost
514629169,ProductX,Lost
27348859,ProductX,Lost
777883,ProductX,Lost
688622601,ProductX,Lost
592951135,ProductX,Lost
650365445,ProductX,Lost
594270217,ProductX,Sold
642721,ProductX,Lost
752230,ProductX,Lost
659175491,ProductX,Sold
649594155,ProductX,Lost
313039711,ProductX,Lost
696861501,ProductX,Lost
56317360,ProductX,Sold
737666,ProductX,Lost
515972785,ProductX,Sold
483504,ProductX,Lost
397057112,ProductX,Sold
650568125,ProductX,Lost
705641900,ProductX,Sold
592932,ProductX,Sold
684019865,ProductX,Lost
542570060,ProductX,Lost
642062411,ProductX,Sold
580779156,ProductX,Sold
195572971,ProductX,Lost
50935042,ProductX,Lost
625999521,ProductX,Sold
606024444,ProductX,Lost
587591713,ProductX,Lost
672932954,ProductX,Lost
189437677,ProductX,Lost
229017942,ProductX,Lost
494201,ProductX,Sold
221964957,ProductX,Lost
517870,ProductX,Lost
390046033,ProductX,Lost
842620,ProductX,Lost
61632692,ProductX,Lost
596467574,ProductX,Lost
672308,ProductX,Lost
36747069,ProductX,Lost
514864,ProductX,Lost
281993543,ProductX,Lost
547931825,ProductX,Sold
537008,ProductX,Lost
464711,ProductX,Lost
76717334,ProductX,Lost
461674090,ProductX,Lost
657598591,ProductX,Sold
565421428,ProductX,Lost
579595,ProductX,Lost
548466730,ProductX,Lost
465124,ProductX,Lost
22708839,ProductX,Lost
479537,ProductX,Lost
417475594,ProductX,Lost
534644865,ProductX,Sold
528069294,ProductX,Lost
367233397,ProductX,Sold
660051330,ProductX,Sold
506643489,ProductX,Sold
441168,ProductX,Lost
646017,ProductX,Lost
461400836,ProductX,Lost
432650924,ProductX,Lost
694285031,ProductX,Lost
437853494,ProductX,Lost
472820,ProductX,Lost
595692934,ProductX,Sold
708199038,ProductX,Sold
638308050,ProductX,Sold
344273667,ProductX,Sold
834769,ProductX,Sold
446567955,ProductX,Lost
383027618,ProductX,Lost
493134,ProductX,Lost
198953343,ProductX,Lost
468770266,ProductX,Lost
306493115,ProductX,Sold
341032694,ProductX,Sold
447465,ProductX,Lost
442297095,ProductX,Lost
634912379,ProductX,Lost
466578,ProductX,Lost
408151236,ProductX,Lost
460714,ProductX,Lost
779909,ProductX,Lost
650277972,ProductX,Lost
622606587,ProductX,Sold
624583467,ProductX,Lost
624442288,ProductX,Lost
352832970,ProductX,Lost
635179767,ProductX,Sold
139392525,ProductX,Lost
624768814,ProductX,Sold
699789,ProductX,Lost
533878,ProductX,Lost
635350028,ProductX,Lost
673938,ProductX,Lost
636392331,ProductX,Lost
229915699,ProductX,Lost
795936,ProductX,Lost
637847371,ProductX,Lost
684897694,ProductX,Lost
405454146,ProductX,Sold
473062452,ProductX,Lost
526424,ProductX,Lost
621160338,ProductX,Sold
551048,ProductX,Lost
450590370,ProductX,Lost
320376473,ProductX,Sold
565628345,ProductX,Lost
763040,ProductX,Lost
504903,ProductX,Lost
513025,ProductX,Sold
694247,ProductX,Lost
596038332,ProductX,Lost
651259129,ProductX,Sold
604357804,ProductX,Sold
698279513,ProductX,Sold
488939,ProductX,Lost
703606833,ProductX,Sold
23936194,ProductX,Lost
703377242,ProductX,Sold
316609701,ProductX,Lost
736875,ProductX,Lost
594287723,ProductX,Sold
455326280,ProductX,Lost
656886617,ProductX,Sold
830388,ProductX,Lost
611241,ProductX,Sold
730459,ProductX,Lost
364504713,ProductX,Lost
264026805,ProductX,Lost
817977,ProductX,Sold
400074632,ProductX,Lost
640034,ProductX,Lost
574753437,ProductX,Lost
361743658,ProductX,Lost
775982,ProductX,Lost
650278245,ProductX,Sold
166172346,ProductX,Lost
673093043,ProductX,Sold
663526343,ProductX,Sold
353601930,ProductX,Sold
491104,ProductX,Sold
721755,ProductX,Lost
662299910,ProductX,Lost
652798710,ProductX,Sold
532574692,ProductX,Sold
558276805,ProductX,Lost
474559385,ProductX,Lost
591329,ProductX,Lost
86629285,ProductX,Lost
122453102,ProductX,Lost
619457,ProductX,Lost
497496127,ProductX,Lost
2832033,ProductX,Lost
770607,ProductX,Lost
380499726,ProductX,Sold
35367386,ProductX,Lost
539156,ProductX,Lost
638646653,ProductX,Lost
752710,ProductX,Lost
447275,ProductX,Lost
491467568,ProductX,Sold
444510998,ProductX,Lost
464433110,ProductX,Lost
313687975,ProductX,Lost
480127,ProductX,Sold
546842,ProductX,Lost
546568,ProductX,Lost
628523,ProductX,Lost
677382,ProductX,Lost
691228108,ProductX,Sold
314187708,ProductX,Sold
576920084,ProductX,Lost
167898688,ProductX,Lost
694215056,ProductX,Sold
695937836,ProductX,Lost
546389810,ProductX,Lost
57076858,ProductX,Lost
440675474,ProductX,Lost
705691,ProductX,Lost
512165593,ProductX,Lost
109525880,ProductX,Lost
727151,ProductX,Lost
568951912,ProductX,Lost
435701,ProductX,Lost
433102,ProductX,Lost
702462300,ProductX,Lost
494020599,ProductX,Sold
551811536,ProductX,Lost
539186,ProductX,Lost
635086,ProductX,Sold
450933101,ProductX,Lost
680473,ProductX,Lost
773833,ProductX,Lost
805910,ProductX,Lost
769257,ProductX,Lost
540234405,ProductX,Sold
544669611,ProductX,Sold
483927514,ProductX,Sold
568492,ProductX,Lost
564475,ProductX,Lost
587041,ProductX,Lost
483021,ProductX,Lost
150892848,ProductX,Lost
452595086,ProductX,Lost
646560767,ProductX,Sold
626882958,ProductX,Sold
302964763,ProductX,Sold
548125,ProductX,Lost
601388921,ProductX,Lost
650284761,ProductX,Sold
635710940,ProductX,Sold
537078535,ProductX,Lost
535164,ProductX,Lost
650440159,ProductX,Lost
481754325,ProductX,Sold
570899108,ProductX,Lost
656969086,ProductX,Sold
670658673,ProductX,Sold
600270,ProductX,Lost
270900311,ProductX,Sold
271126894,ProductX,Sold
673557544,ProductX,Lost
734228,ProductX,Lost
700178502,ProductX,Lost
333476733,ProductX,Lost
783699,ProductX,Lost
614373571,ProductX,Sold
168374835,ProductX,Lost
695167839,ProductX,Sold
619088848,ProductX,Sold
769724,ProductX,Lost
452161338,ProductX,Lost
461637,ProductX,Lost
580980,ProductX,Lost
502318085,ProductX,Lost
381289479,ProductX,Lost
487997,ProductX,Lost
171345584,ProductX,Lost
145597804,ProductX,Lost
137663139,ProductX,Lost
687313339,ProductX,Lost
794310,ProductX,Lost
527025,ProductX,Lost
714013277,ProductX,Lost
380066927,ProductX,Lost
615148795,ProductX,Sold
705562471,ProductX,Sold
721355,ProductX,Lost
519933,ProductX,Lost
32598371,ProductX,Sold
263628502,ProductX,Sold
813517,ProductX,Lost
668399329,ProductX,Lost
611616,ProductX,Lost
209845490,ProductX,Lost
416535159,ProductX,Lost
499974169,ProductX,Lost
679973676,ProductX,Lost
677082698,ProductX,Sold
566997093,ProductX,Lost
616678977,ProductX,Lost
93271080,ProductX,Lost
562233651,ProductX,Lost
308952772,ProductX,Lost
612026076,ProductX,Lost
559789,ProductX,Lost
412455253,ProductX,Sold
437408262,ProductX,Lost
551181611,ProductX,Sold
675758655,ProductX,Sold
678203735,ProductX,Lost
482672,ProductX,Lost
626296,ProductX,Lost
535613,ProductX,Lost
173630610,ProductX,Lost
31415479,ProductX,Lost
284009218,ProductX,Lost
516676254,ProductX,Sold
483756327,ProductX,Lost
245870375,ProductX,Sold
275803384,ProductX,Lost
376489792,ProductX,Lost
557557,ProductX,Lost
207839756,ProductX,Sold
546731001,ProductX,Sold
483304927,ProductX,Lost
527495,ProductX,Lost
686480971,ProductX,Lost
507834432,ProductX,Lost
444434169,ProductX,Sold
463511824,ProductX,Lost
167890910,ProductX,Lost
636355978,ProductX,Sold
673947,ProductX,Lost
145371322,ProductX,Lost
474531684,ProductX,Sold
642155802,ProductX,Sold
678191,ProductX,Sold
601305,ProductX,Lost
605601330,ProductX,Sold
166381013,ProductX,Lost
496020101,ProductX,Lost
609535211,ProductX,Lost
187279385,ProductX,Sold
627159484,ProductX,Sold
399034657,ProductX,Lost
403499969,ProductX,Lost
27850876,ProductX,Lost
768717,ProductX,Lost
791537,ProductX,Lost
290968288,ProductX,Lost
548751052,ProductX,Lost
594460083,ProductX,Sold
614332862,ProductX,Sold
432727,ProductX,Lost
659957884,ProductX,Sold
550129,ProductX,Lost
302595437,ProductX,Lost
43100605,ProductX,Lost
365420940,ProductX,Lost
306443027,ProductX,Lost
623706529,ProductX,Lost
775768,ProductX,Lost
692724466,ProductX,Lost
545476,ProductX,Lost
688611738,ProductX,Sold
668423,ProductX,Lost
565106678,ProductX,Sold
675930365,ProductX,Sold
555473,ProductX,Lost
660103,ProductX,Sold
459258,ProductX,Lost
668830010,ProductX,Lost
339568044,ProductX,Lost
494864005,ProductX,Lost
828262,ProductX,Lost
535428217,ProductX,Lost
578292346,ProductX,Lost
96659541,ProductX,Lost
613456402,ProductX,Lost
351515182,ProductX,Sold
657991,ProductX,Sold
615321982,ProductX,Sold
722666,ProductX,Lost
96091288,ProductX,Sold
698090115,ProductX,Lost
661869115,ProductX,Lost
465603,ProductX,Lost
689971491,ProductX,Lost
756154,ProductX,Lost
790633,ProductX,Lost
666887710,ProductX,Sold
449079219,ProductX,Lost
575365,ProductX,Lost
666563911,ProductX,Lost
439860916,ProductX,Sold
718802,ProductX,Lost
779572,ProductX,Lost
615840466,ProductX,Sold
710731,ProductX,Lost
408578644,ProductX,Lost
84480990,ProductX,Lost
713548336,ProductX,Lost
219881761,ProductX,Lost
784637,ProductX,Lost
230803076,ProductX,Lost
769063,ProductX,Lost
531709,ProductX,Lost
614115,ProductX,Lost
565825363,ProductX,Sold
630840946,ProductX,Lost
425265149,ProductX,Lost
497253534,ProductX,Sold
138902156,ProductX,Lost
672317,ProductX,Lost
570545753,ProductX,Lost
615838495,ProductX,Sold
684115385,ProductX,Sold
395120892,ProductX,Lost
762273,ProductX,Lost
518813193,ProductX,Sold
542296,ProductX,Lost
587073,ProductX,Lost
569762,ProductX,Lost
466073014,ProductX,Lost
505151962,ProductX,Lost
669428823,ProductX,Lost
320887182,ProductX,Sold
605954510,ProductX,Lost
684744926,ProductX,Lost
151993030,ProductX,Lost
500059580,ProductX,Sold
403840196,ProductX,Lost
851790,ProductX,Lost
68505605,ProductX,Lost
392618411,ProductX,Sold
777882,ProductX,Lost
698419223,ProductX,Sold
496397979,ProductX,Lost
698413376,ProductX,Sold
714090,ProductX,Lost
450865984,ProductX,Lost
544059,ProductX,Lost
653639247,ProductX,Lost
696264975,ProductX,Lost
590371,ProductX,Lost
762067,ProductX,Lost
669058,ProductX,Lost
23022916,ProductX,Lost
423957874,ProductX,Lost
655167962,ProductX,Sold
391178932,ProductX,Lost
615616725,ProductX,Lost
349291969,ProductX,Lost
771366,ProductX,Lost
506011895,ProductX,Lost
683345,ProductX,Lost
699863,ProductX,Lost
704678645,ProductX,Sold
780180,ProductX,Sold
390972284,ProductX,Lost
558639,ProductX,Lost
534590106,ProductX,Lost
586658,ProductX,Lost
775743,ProductX,Lost
70482513,ProductX,Lost
14576716,ProductX,Sold
300512128,ProductX,Lost
65971958,ProductX,Lost
420660815,ProductX,Lost
667812580,ProductX,Lost
388684740,ProductX,Sold
83666158,ProductX,Lost
491452439,ProductX,Sold
593276095,ProductX,Lost
656612505,ProductX,Sold
269876975,ProductX,Lost
602026944,ProductX,Lost
683179657,ProductX,Sold
703130,ProductX,Lost
497299,ProductX,Lost
648580,ProductX,Sold
530592088,ProductX,Lost
691507002,ProductX,Sold
34654246,ProductX,Sold
491511,ProductX,Lost
274204594,ProductX,Lost
739080,ProductX,Sold
650590678,ProductX,Lost
534124599,ProductX,Lost
618848718,ProductX,Sold
659315267,ProductX,Lost
707115428,ProductX,Lost
804739,ProductX,Lost
660993588,ProductX,Sold
652733463,ProductX,Lost
732197,ProductX,Lost
533449,ProductX,Lost
670661791,ProductX,Sold
326733830,ProductX,Lost
677499093,ProductX,Lost
281422713,ProductX,Lost
360204079,ProductX,Lost
526388,ProductX,Sold
449087890,ProductX,Lost
827994,ProductX,Lost
647929251,ProductX,Sold
662294303,ProductX,Lost
666814549,ProductX,Sold
509732597,ProductX,Lost
627091286,ProductX,Lost
259565403,ProductX,Sold
617665,ProductX,Sold
597934414,ProductX,Lost
83477678,ProductX,Lost
801867,ProductX,Lost
347016222,ProductX,Lost
557370715,ProductX,Lost
614565751,ProductX,Sold
613811043,ProductX,Lost
515348,ProductX,Lost
697457006,ProductX,Sold
615707728,ProductX,Sold
463815944,ProductX,Lost
135265260,ProductX,Lost
694043,ProductX,Lost
334086624,ProductX,Lost
544861430,ProductX,Lost
608289,ProductX,Lost
207876346,ProductX,Lost
470424,ProductX,Sold
571693,ProductX,Lost
729623,ProductX,Lost
788635,ProductX,Lost
801820,ProductX,Lost
211888684,ProductX,Lost
650460868,ProductX,Lost
530092,ProductX,Lost
849159,ProductX,Lost
195317859,ProductX,Lost
145662395,ProductX,Lost
289513881,ProductX,Lost
812750,ProductX,Lost
282973511,ProductX,Lost
237556451,ProductX,Lost
455653,ProductX,Lost
536921820,ProductX,Lost
616640641,ProductX,Sold
841817,ProductX,Lost
626757011,ProductX,Sold
687566,ProductX,Lost
284345188,ProductX,Lost
245533410,ProductX,Lost
601002167,ProductX,Lost
562601308,ProductX,Sold
575821200,ProductX,Sold
477925825,ProductX,Lost
235841361,ProductX,Lost
643379495,ProductX,Lost
546055646,ProductX,Sold
216226013,ProductX,Sold
589498954,ProductX,Lost
567085545,ProductX,Lost
652750336,ProductX,Lost
627697,ProductX,Sold
598778685,ProductX,Lost
645301393,ProductX,Sold
533185304,ProductX,Lost
594487131,ProductX,Sold
650523687,ProductX,Lost
598729558,ProductX,Sold
694041121,ProductX,Sold
620519971,ProductX,Lost
316400509,ProductX,Lost
591946931,ProductX,Sold
650620983,ProductX,Lost
364472580,ProductX,Lost
121777936,ProductX,Lost
623887083,ProductX,Sold
435376,ProductX,Lost
305085577,ProductX,Lost
95005132,ProductX,Lost
459864,ProductX,Lost
721329,ProductX,Sold
589509829,ProductX,Lost
217897633,ProductX,Lost
493817240,ProductX,Lost
365592701,ProductX,Lost
667978748,ProductX,Lost
302234907,ProductX,Sold
705678159,ProductX,Sold
514166611,ProductX,Lost
267745537,ProductX,Lost
576052055,ProductX,Lost
697940954,ProductX,Lost
650278187,ProductX,Sold
60733006,ProductX,Lost
460007095,ProductX,Lost
452478636,ProductX,Lost
524245,ProductX,Lost
203530612,ProductX,Lost
631764145,ProductX,Lost
561797771,ProductX,Lost
66717745,ProductX,Lost
680343,ProductX,Lost
529665,ProductX,Lost
647639394,ProductX,Lost
599402,ProductX,Sold
583130,ProductX,Sold
585089,ProductX,Lost
477441359,ProductX,Sold
416218930,ProductX,Sold
628650897,ProductX,Lost
543625,ProductX,Lost
379373776,ProductX,Lost
723754,ProductX,Lost
476997061,ProductX,Sold
109860264,ProductX,Lost
685680777,ProductX,Sold
707802680,ProductX,Sold
648153053,ProductX,Lost
578301148,ProductX,Lost
236797683,ProductX,Lost
473720,ProductX,Lost
465370,ProductX,Lost
410661645,ProductX,Lost
733770,ProductX,Lost
564695078,ProductX,Lost
588292,ProductX,Lost
432599,ProductX,Lost
470966,ProductX,Lost
570187898,ProductX,Lost
510066911,ProductX,Lost
688011355,ProductX,Lost
650278178,ProductX,Sold
194516325,ProductX,Lost
455195419,ProductX,Sold
293842840,ProductX,Lost
581310,ProductX,Lost
519197822,ProductX,Lost
546914790,ProductX,Sold
209011268,ProductX,Lost
674923,ProductX,Lost
438474,ProductX,Lost
705853947,ProductX,Lost
444449,ProductX,Lost
618814749,ProductX,Sold
622822209,ProductX,Lost
295437975,ProductX,Sold
434766,ProductX,Lost
634157897,ProductX,Lost
685101150,ProductX,Lost
479131505,ProductX,Sold
284232817,ProductX,Lost
824211,ProductX,Lost
509433403,ProductX,Lost
681779375,ProductX,Lost
523473,ProductX,Lost
615711,ProductX,Lost
649420278,ProductX,Sold
481421175,ProductX,Lost
374431583,ProductX,Lost
152296461,ProductX,Lost
702294,ProductX,Lost
638153389,ProductX,Lost
662251,ProductX,Lost
341104087,ProductX,Lost
668889663,ProductX,Lost
465666,ProductX,Lost
507905017,ProductX,Lost
578207203,ProductX,Lost
222317633,ProductX,Lost
257217750,ProductX,Lost
224526609,ProductX,Lost
708177796,ProductX,Lost
524780165,ProductX,Lost
2255318,ProductX,Lost
637388271,ProductX,Sold
696211516,ProductX,Lost
616623502,ProductX,Lost
308159006,ProductX,Lost
350547687,ProductX,Sold
474256,ProductX,Sold
770123,ProductX,Lost
131117076,ProductX,Lost
613049832,ProductX,Sold
656343042,ProductX,Sold
694171463,ProductX,Sold
662322411,ProductX,Sold
484051313,ProductX,Lost
559417313,ProductX,Lost
434768,ProductX,Lost
493754674,ProductX,Lost
578156434,ProductX,Lost
681495,ProductX,Lost
665330,ProductX,Lost
410521751,ProductX,Lost
339242637,ProductX,Lost
657557962,ProductX,Lost
487115,ProductX,Sold
627041468,ProductX,Lost
539363,ProductX,Lost
620564300,ProductX,Lost
624757913,ProductX,Sold
495457,ProductX,Lost
650413676,ProductX,Lost
132966905,ProductX,Lost
309795557,ProductX,Lost
491421580,ProductX,Lost
188580054,ProductX,Lost
764181,ProductX,Lost
620433287,ProductX,Sold
626015705,ProductX,Lost
628983887,ProductX,Sold
685709735,ProductX,Lost
128777227,ProductX,Lost
666349493,ProductX,Sold
118551617,ProductX,Lost
636178144,ProductX,Lost
460272,ProductX,Sold
13426196,ProductX,Lost
616826127,ProductX,Lost
674506994,ProductX,Lost
198858219,ProductX,Lost
504944,ProductX,Lost
604259,ProductX,Lost
49615997,ProductX,Lost
457678867,ProductX,Lost
671851093,ProductX,Sold
807109,ProductX,Lost
304239398,ProductX,Lost
675416974,ProductX,Sold
275102375,ProductX,Sold
186814201,ProductX,Lost
616740967,ProductX,Sold
455532263,ProductX,Lost
471878052,ProductX,Lost
279597808,ProductX,Lost
676818876,ProductX,Lost
642994,ProductX,Sold
275391682,ProductX,Lost
709778011,ProductX,Lost
511294,ProductX,Lost
544644942,ProductX,Sold
581617260,ProductX,Lost
265395329,ProductX,Sold
70489906,ProductX,Lost
600209517,ProductX,Lost
651566455,ProductX,Sold
629094255,ProductX,Lost
435656105,ProductX,Lost
686828293,ProductX,Lost
683857999,ProductX,Lost
655128430,ProductX,Lost
271953334,ProductX,Lost
601299518,ProductX,Lost
439645542,ProductX,Lost
40724237,ProductX,Lost
625847565,ProductX,Sold
653630848,ProductX,Sold
660108080,ProductX,Sold
695259,ProductX,Lost
591423442,ProductX,Lost
778035,ProductX,Lost
553994547,ProductX,Lost
581317,ProductX,Lost
600700,ProductX,Lost
630089249,ProductX,Lost
382822347,ProductX,Lost
683122857,ProductX,Sold
480427,ProductX,Lost
644710346,ProductX,Lost
380193381,ProductX,Sold
271103502,ProductX,Lost
495713,ProductX,Lost
342319048,ProductX,Lost
529927,ProductX,Lost
625774191,ProductX,Lost
791039,ProductX,Sold
508839,ProductX,Lost
433225,ProductX,Lost
560151894,ProductX,Lost
373620405,ProductX,Lost
578519850,ProductX,Lost
541105001,ProductX,Lost
540637,ProductX,Lost
680685360,ProductX,Lost
739977,ProductX,Lost
456870613,ProductX,Sold
488459,ProductX,Lost
701099614,ProductX,Sold
601196503,ProductX,Lost
435025,ProductX,Lost
715390,ProductX,Lost
557042480,ProductX,Sold
435618051,ProductX,Lost
694352238,ProductX,Sold
164275964,ProductX,Lost
555989,ProductX,Lost
645022,ProductX,Lost
838137,ProductX,Lost
650632402,ProductX,Sold
151959402,ProductX,Lost
557782318,ProductX,Lost
618860609,ProductX,Lost
487902855,ProductX,Lost
552714710,ProductX,Lost
595646786,ProductX,Sold
787838,ProductX,Sold
552334,ProductX,Sold
445238380,ProductX,Lost
656010328,ProductX,Sold
523776,ProductX,Lost
673137,ProductX,Lost
660090,ProductX,Lost
558045036,ProductX,Sold
359400446,ProductX,Lost
29863314,ProductX,Sold
449620,ProductX,Lost
650574801,ProductX,Lost
624544997,ProductX,Lost
565445541,ProductX,Sold
572778537,ProductX,Lost
573092247,ProductX,Lost
656769019,ProductX,Lost
278274633,ProductX,Lost
505883,ProductX,Lost
527420094,ProductX,Sold
504038,ProductX,Lost
574774919,ProductX,Lost
734395,ProductX,Lost
623975982,ProductX,Sold
519108524,ProductX,Lost
444258,ProductX,Lost
64888152,ProductX,Lost
782613,ProductX,Lost
629333799,ProductX,Lost
548279979,ProductX,Lost
536790,ProductX,Lost
569366101,ProductX,Lost
225414944,ProductX,Lost
630246998,ProductX,Sold
567774837,ProductX,Lost
729560,ProductX,Lost
560474450,ProductX,Sold
463171352,ProductX,Lost
29945529,ProductX,Sold
487188738,ProductX,Sold
151099490,ProductX,Lost
609336714,ProductX,Lost
431878603,ProductX,Lost
366276003,ProductX,Sold
438479,ProductX,Lost
448789,ProductX,Lost
10770134,ProductX,Lost
439711,ProductX,Lost
630097054,ProductX,Lost
650459856,ProductX,Lost
369647255,ProductX,Lost
817736,ProductX,Sold
279610488,ProductX,Lost
507616500,ProductX,Lost
273904098,ProductX,Lost
662251755,ProductX,Lost
615465613,ProductX,Sold
653519,ProductX,Lost
477741225,ProductX,Sold
281097138,ProductX,Lost
536970,ProductX,Lost
625405856,ProductX,Sold
569241021,ProductX,Lost
268480155,ProductX,Lost
219085064,ProductX,Lost
587018031,ProductX,Lost
609531,ProductX,Lost
852603,ProductX,Lost
355865773,ProductX,Lost
508976,ProductX,Lost
571911,ProductX,Lost
506731389,ProductX,Lost
568623571,ProductX,Lost
622612231,ProductX,Sold
488858,ProductX,Lost
671903,ProductX,Sold
450898474,ProductX,Lost
553181702,ProductX,Lost
570648008,ProductX,Lost
645271064,ProductX,Lost
685850266,ProductX,Lost
238007427,ProductX,Lost
664636127,ProductX,Lost
409623552,ProductX,Sold
224154496,ProductX,Lost
177401241,ProductX,Lost
680496478,ProductX,Lost
574102,ProductX,Lost
693007154,ProductX,Lost
710341159,ProductX,Sold
659810858,ProductX,Sold
245121716,ProductX,Sold
205689424,ProductX,Lost
469028726,ProductX,Lost
551378775,ProductX,Lost
476279369,ProductX,Lost
687431591,ProductX,Sold
713879277,ProductX,Sold
385150612,ProductX,Sold
453880330,ProductX,Lost
468654,ProductX,Lost
550326332,ProductX,Lost
416834055,ProductX,Lost
772158,ProductX,Lost
472214593,ProductX,Lost
519272681,ProductX,Lost
448991612,ProductX,Lost
425337378,ProductX,Lost
506624508,ProductX,Lost
606554274,ProductX,Lost
638187,ProductX,Sold
836969,ProductX,Lost
688982506,ProductX,Lost
636202882,ProductX,Sold
847150,ProductX,Lost
717493,ProductX,Sold
83740757,ProductX,Lost
615248010,ProductX,Lost
733445,ProductX,Lost
13546645,ProductX,Sold
704601052,ProductX,Lost
658921465,ProductX,Lost
387335650,ProductX,Lost
109840031,ProductX,Lost
200364800,ProductX,Sold
650629148,ProductX,Lost
660958,ProductX,Lost
23418129,ProductX,Lost
731908,ProductX,Lost
631759374,ProductX,Lost
71564116,ProductX,Lost
470984208,ProductX,Sold
705424939,ProductX,Lost
675973151,ProductX,Lost
1013859,ProductX,Lost
577074,ProductX,Lost
515995745,ProductX,Sold
684709046,ProductX,Lost
505951430,ProductX,Lost
701455005,ProductX,Sold
713653,ProductX,Lost
374452403,ProductX,Lost
490821582,ProductX,Lost
480301660,ProductX,Lost
176961765,ProductX,Lost
308859758,ProductX,Lost
140570118,ProductX,Lost
590379492,ProductX,Lost
594209484,ProductX,Lost
562110,ProductX,Lost
848426,ProductX,Lost
626895106,ProductX,Lost
603430874,ProductX,Lost
500895498,ProductX,Lost
81776899,ProductX,Lost
670911652,ProductX,Lost
654754992,ProductX,Sold
536523,ProductX,Lost
608458037,ProductX,Lost
362122559,ProductX,Lost
823696,ProductX,Sold
656274,ProductX,Lost
584906,ProductX,Lost
628513189,ProductX,Lost
272040859,ProductX,Lost
695743,ProductX,Sold
337835630,ProductX,Lost
257359695,ProductX,Lost
341312687,ProductX,Lost
620396883,ProductX,Sold
516581890,ProductX,Sold
607620553,ProductX,Lost
625704295,ProductX,Lost
771015,ProductX,Lost
421496489,ProductX,Lost
756604,ProductX,Lost
792196,ProductX,Lost
701047,ProductX,Sold
635953053,ProductX,Lost
650460314,ProductX,Lost
219664616,ProductX,Lost
447849924,ProductX,Lost
675908520,ProductX,Sold
645261500,ProductX,Sold
311666636,ProductX,Sold
163105476,ProductX,Lost
672827717,ProductX,Lost
684966895,ProductX,Lost
545273,ProductX,Lost
110061216,ProductX,Lost
207712182,ProductX,Lost
658976672,ProductX,Sold
62288069,ProductX,Lost
505279153,ProductX,Lost
615829070,ProductX,Lost
24845641,ProductX,Lost
44534374,ProductX,Lost
630086650,ProductX,Lost
650278275,ProductX,Sold
595995081,ProductX,Lost
548040289,ProductX,Lost
762009,ProductX,Sold
574900,ProductX,Lost
582179102,ProductX,Lost
664411518,ProductX,Sold
576887874,ProductX,Sold
709100,ProductX,Lost
667906663,ProductX,Lost
141378114,ProductX,Lost
307269351,ProductX,Lost
682396063,ProductX,Lost
694470753,ProductX,Lost
475984,ProductX,Lost
689548262,ProductX,Sold
485394,ProductX,Lost
650597237,ProductX,Lost
91058033,ProductX,Lost
647529836,ProductX,Sold
576167,ProductX,Lost
28268786,ProductX,Lost
497443130,ProductX,Lost
680497799,ProductX,Lost
839193,ProductX,Lost
198678530,ProductX,Lost
637447069,ProductX,Sold
445521,ProductX,Lost
669128819,ProductX,Sold
563472768,ProductX,Sold
621302353,ProductX,Sold
147280818,ProductX,Lost
228369517,ProductX,Lost
499967611,ProductX,Lost
749117,ProductX,Lost
672454579,ProductX,Lost
426427267,ProductX,Sold
698547,ProductX,Lost
631129939,ProductX,Lost
278498965,ProductX,Lost
693784,ProductX,Lost
598483205,ProductX,Lost
544864,ProductX,Lost
654615838,ProductX,Sold
521486913,ProductX,Sold
266555198,ProductX,Lost
530833,ProductX,Lost
813145,ProductX,Lost
685821674,ProductX,Sold
646651720,ProductX,Lost
399276693,ProductX,Lost
412092219,ProductX,Lost
786554,ProductX,Lost
450917,ProductX,Lost
663540053,ProductX,Sold
444215,ProductX,Lost
700652598,ProductX,Lost
711183,ProductX,Lost
565716086,ProductX,Lost
631423336,ProductX,Sold
730400,ProductX,Lost
655180259,ProductX,Sold
701418482,ProductX,Lost
597720204,ProductX,Lost
818395,ProductX,Lost
687281001,ProductX,Lost
653346,ProductX,Sold
802297,ProductX,Lost
367669672,ProductX,Lost
390279563,ProductX,Lost
643128,ProductX,Lost
486615,ProductX,Lost
519695,ProductX,Lost
687409327,ProductX,Lost
625667646,ProductX,Lost
501954,ProductX,Lost
132387456,ProductX,Lost
590412,ProductX,Lost
514555456,ProductX,Sold
712954239,ProductX,Lost
765902,ProductX,Lost
625967755,ProductX,Lost
257023590,ProductX,Lost
610163,ProductX,Lost
670808,ProductX,Lost
562041,ProductX,Lost
526365,ProductX,Lost
584981625,ProductX,Lost
596552367,ProductX,Sold
322885102,ProductX,Lost
684828095,ProductX,Sold
363263283,ProductX,Sold
655934361,ProductX,Lost
615254693,ProductX,Sold
195745750,ProductX,Lost
656285,ProductX,Lost
623491277,ProductX,Sold
462241123,ProductX,Lost
305067000,ProductX,Lost
502331148,ProductX,Lost
491656887,ProductX,Sold
587482345,ProductX,Lost
673550208,ProductX,Lost
500351,ProductX,Lost
687391,ProductX,Lost
809976,ProductX,Lost
602981829,ProductX,Sold
20812661,ProductX,Lost
631678966,ProductX,Lost
497439,ProductX,Lost
380405680,ProductX,Lost
810713,ProductX,Lost
462251987,ProductX,Lost
578314,ProductX,Lost
549946,ProductX,Lost
475721647,ProductX,Lost
531791870,ProductX,Lost
506060214,ProductX,Sold
612002833,ProductX,Lost
441605,ProductX,Lost
577155111,ProductX,Sold
374711593,ProductX,Lost
307662792,ProductX,Lost
615371088,ProductX,Lost
257232152,ProductX,Lost
479731057,ProductX,Lost
688013555,ProductX,Sold
502253,ProductX,Lost
368385166,ProductX,Lost
510305,ProductX,Lost
650278293,ProductX,Sold
635188531,ProductX,Sold
740669,ProductX,Lost
690755941,ProductX,Sold
384124655,ProductX,Lost
694173277,ProductX,Sold
559382391,ProductX,Sold
583345356,ProductX,Lost
703863388,ProductX,Sold
556870442,ProductX,Lost
631022717,ProductX,Lost
693347228,ProductX,Sold
1771223,ProductX,Lost
444234049,ProductX,Lost
509576100,ProductX,Lost
827249,ProductX,Sold
415079965,ProductX,Lost
431524,ProductX,Lost
568032712,ProductX,Sold
535165,ProductX,Lost
705807348,ProductX,Sold
386759909,ProductX,Lost
806908,ProductX,Lost
694529884,ProductX,Sold
585038467,ProductX,Sold
626040551,ProductX,Lost
767602,ProductX,Sold
495112654,ProductX,Lost
495236837,ProductX,Lost
635259,ProductX,Lost
307613510,ProductX,Lost
623460,ProductX,Lost
650496340,ProductX,Lost
386953574,ProductX,Sold
478778571,ProductX,Lost
239035221,ProductX,Lost
536960,ProductX,Sold
705604240,ProductX,Lost
465790394,ProductX,Sold
692808368,ProductX,Lost
489983,ProductX,Lost
602293832,ProductX,Lost
553901969,ProductX,Lost
383798612,ProductX,Lost
388447719,ProductX,Lost
134501807,ProductX,Lost
695766489,ProductX,Sold
635288,ProductX,Lost
54340493,ProductX,Lost
686031642,ProductX,Lost
81506377,ProductX,Lost
612130689,ProductX,Sold
286018340,ProductX,Sold
556578,ProductX,Lost
819950,ProductX,Lost
339911744,ProductX,Lost
664921,ProductX,Lost
515425933,ProductX,Lost
687311338,ProductX,Lost
696524529,ProductX,Lost
631649270,ProductX,Sold
334116469,ProductX,Sold
388805278,ProductX,Lost
378422654,ProductX,Lost
507769478,ProductX,Lost
666397206,ProductX,Lost
351641385,ProductX,Lost
630577915,ProductX,Lost
601308,ProductX,Lost
525651541,ProductX,Lost
693335828,ProductX,Sold
624580464,ProductX,Sold
172501646,ProductX,Sold
841099,ProductX,Lost
403275837,ProductX,Lost
59975962,ProductX,Sold
387523276,ProductX,Sold
835101,ProductX,Lost
369526025,ProductX,Lost
388939998,ProductX,Lost
527900715,ProductX,Lost
174449912,ProductX,Sold
386653510,ProductX,Lost
514603,ProductX,Lost
650278035,ProductX,Sold
272251550,ProductX,Lost
677958238,ProductX,Sold
633203755,ProductX,Sold
290147714,ProductX,Lost
624581811,ProductX,Lost
376878808,ProductX,Lost
532362,ProductX,Lost
618447747,ProductX,Sold
638193,ProductX,Lost
612869014,ProductX,Sold
608990119,ProductX,Lost
686163,ProductX,Sold
88185279,ProductX,Sold
516491695,ProductX,Lost
501676,ProductX,Sold
343573364,ProductX,Lost
790301,ProductX,Lost
625747404,ProductX,Sold
721674,ProductX,Lost
739542,ProductX,Lost
620601211,ProductX,Lost
649814998,ProductX,Lost
60564889,ProductX,Lost
451422,ProductX,Lost
359949985,ProductX,Lost
497019,ProductX,Lost
180468033,ProductX,Lost
349779717,ProductX,Sold
659701,ProductX,Lost
635019866,ProductX,Sold
718433,ProductX,Lost
365472766,ProductX,Lost
781167,ProductX,Lost
697786887,ProductX,Lost
678161224,ProductX,Sold
380482037,ProductX,Lost
569207085,ProductX,Lost
628973,ProductX,Lost
764503,ProductX,Lost
868573,ProductX,Lost
320152555,ProductX,Sold
533664,ProductX,Lost
536694869,ProductX,Lost
665919858,ProductX,Lost
218221914,ProductX,Sold
53318685,ProductX,Lost
759622,ProductX,Lost
629222545,ProductX,Lost
53357097,ProductX,Lost
680834256,ProductX,Sold
644827529,ProductX,Lost
442473,ProductX,Sold
544404,ProductX,Lost
547117,ProductX,Lost
551217725,ProductX,Lost
514155,ProductX,Lost
598023304,ProductX,Lost
514422,ProductX,Lost
259443364,ProductX,Lost
692145471,ProductX,Lost
432546235,ProductX,Lost
449044,ProductX,Lost
815960,ProductX,Sold
256775777,ProductX,Sold
326323628,ProductX,Sold
671299196,ProductX,Sold
530159361,ProductX,Lost
592705322,ProductX,Sold
463741380,ProductX,Lost
677640715,ProductX,Sold
867566,ProductX,Lost
473418,ProductX,Lost
514909,ProductX,Lost
302531627,ProductX,Lost
663858,ProductX,Lost
394027816,ProductX,Lost
615094751,ProductX,Sold
562943348,ProductX,Lost
544734627,ProductX,Lost
530481,ProductX,Lost
566556467,ProductX,Sold
462427,ProductX,Lost
624307177,ProductX,Lost
206839315,ProductX,Lost
482139768,ProductX,Sold
622877244,ProductX,Sold
503066,ProductX,Lost
626015292,ProductX,Lost
556014452,ProductX,Lost
511932429,ProductX,Lost
627038608,ProductX,Sold
672830617,ProductX,Sold
638281906,ProductX,Sold
272154637,ProductX,Lost
703464809,ProductX,Sold
481313363,ProductX,Lost
560423,ProductX,Lost
659709129,ProductX,Sold
278636739,ProductX,Sold
452740056,ProductX,Lost
305027343,ProductX,Lost
249297915,ProductX,Lost
654676,ProductX,Lost
330341469,ProductX,Sold
499891,ProductX,Lost
511867193,ProductX,Lost
642677,ProductX,Lost
267540827,ProductX,Sold
622608409,ProductX,Lost
219563558,ProductX,Lost
585186,ProductX,Sold
399473385,ProductX,Lost
846000,ProductX,Lost
679913399,ProductX,Lost
330768277,ProductX,Lost
660917,ProductX,Lost
615952633,ProductX,Sold
525914,ProductX,Lost
593534872,ProductX,Sold
629183574,ProductX,Lost
755192,ProductX,Lost
471831303,ProductX,Lost
481728,ProductX,Lost
688728817,ProductX,Sold
685803520,ProductX,Sold
410571880,ProductX,Lost
550437516,ProductX,Lost
481612571,ProductX,Sold
630086607,ProductX,Lost
390049807,ProductX,Lost
737914,ProductX,Lost
373253588,ProductX,Lost
627032015,ProductX,Sold
812897,ProductX,Sold
610142,ProductX,Lost
679430,ProductX,Lost
624813196,ProductX,Sold
536935758,ProductX,Sold
665340,ProductX,Lost
252095836,ProductX,Lost
665611285,ProductX,Lost
160136019,ProductX,Lost
307042757,ProductX,Lost
601242296,ProductX,Lost
625395231,ProductX,Lost
482728,ProductX,Lost
652213,ProductX,Lost
330599305,ProductX,Lost
751611,ProductX,Lost
516967,ProductX,Lost
496881,ProductX,Lost
302573375,ProductX,Lost
568329888,ProductX,Lost
69281113,ProductX,Lost
648210552,ProductX,Sold
136811827,ProductX,Lost
613784803,ProductX,Lost
229223902,ProductX,Lost
205636748,ProductX,Lost
667013907,ProductX,Sold
434710,ProductX,Lost
469974,ProductX,Lost
555526327,ProductX,Lost
573687762,ProductX,Sold
603115125,ProductX,Lost
723548,ProductX,Lost
439944108,ProductX,Sold
579688524,ProductX,Lost
621227627,ProductX,Sold
439776913,ProductX,Lost
564685115,ProductX,Sold
612925548,ProductX,Lost
647127516,ProductX,Lost
551026191,ProductX,Lost
498223,ProductX,Lost
145047146,ProductX,Lost
508509,ProductX,Lost
732424,ProductX,Lost
589509424,ProductX,Lost
692798489,ProductX,Lost
510955504,ProductX,Lost
694437,ProductX,Lost
682875,ProductX,Sold
510203101,ProductX,Lost
447247,ProductX,Lost
507133,ProductX,Lost
522114,ProductX,Lost
616724654,ProductX,Lost
446739462,ProductX,Lost
286095474,ProductX,Lost
238054407,ProductX,Lost
634174193,ProductX,Lost
617685512,ProductX,Sold
463988,ProductX,Lost
560352646,ProductX,Lost
573384529,ProductX,Lost
656420381,ProductX,Sold
360337961,ProductX,Lost
628474,ProductX,Lost
514636340,ProductX,Lost
709959,ProductX,Lost
527303062,ProductX,Sold
448155161,ProductX,Lost
252658022,ProductX,Lost
494105637,ProductX,Sold
419461219,ProductX,Lost
664010718,ProductX,Lost
634023491,ProductX,Lost
688774280,ProductX,Sold
599992169,ProductX,Lost
605530,ProductX,Sold
709552588,ProductX,Lost
477350,ProductX,Lost
534555986,ProductX,Lost
677774837,ProductX,Lost
406115374,ProductX,Lost
388949729,ProductX,Lost
344574733,ProductX,Lost
555345255,ProductX,Sold
592774640,ProductX,Lost
157342654,ProductX,Lost
588182211,ProductX,Sold
608065420,ProductX,Lost
262038023,ProductX,Sold
581286,ProductX,Lost
784094,ProductX,Lost
507542764,ProductX,Lost
498326688,ProductX,Lost
786937,ProductX,Lost
384691779,ProductX,Lost
867669,ProductX,Lost
644141543,ProductX,Lost
476463315,ProductX,Lost
394584358,ProductX,Lost
107093871,ProductX,Lost
463294601,ProductX,Sold
629283731,ProductX,Lost
472703,ProductX,Lost
344875486,ProductX,Lost
393821691,ProductX,Lost
589797439,ProductX,Lost
632477922,ProductX,Lost
567799150,ProductX,Lost
665352566,ProductX,Sold
267532453,ProductX,Lost
566563434,ProductX,Lost
454725,ProductX,Lost
509243,ProductX,Lost
322992284,ProductX,Lost
200202792,ProductX,Lost
304876539,ProductX,Sold
484177922,ProductX,Lost
596809570,ProductX,Sold
390042638,ProductX,Lost
868993,ProductX,Sold
673604393,ProductX,Lost
611185,ProductX,Lost
587415014,ProductX,Sold
544022,ProductX,Lost
411761771,ProductX,Lost
136788836,ProductX,Lost
543264,ProductX,Sold
644781333,ProductX,Lost
659492950,ProductX,Lost
626145476,ProductX,Sold
77921864,ProductX,Lost
625387485,ProductX,Lost
696711959,ProductX,Sold
467486,ProductX,Lost
449806129,ProductX,Lost
309847847,ProductX,Lost
697706,ProductX,Lost
664262,ProductX,Sold
514308780,ProductX,Lost
536705196,ProductX,Sold
665940932,ProductX,Lost
682422,ProductX,Lost
230479290,ProductX,Sold
649878214,ProductX,Sold
803921,ProductX,Lost
396960516,ProductX,Lost
617078,ProductX,Lost
590853,ProductX,Lost
674637,ProductX,Lost
628327405,ProductX,Lost
508599236,ProductX,Lost
674527361,ProductX,Lost
603651556,ProductX,Lost
2931477,ProductX,Lost
599855487,ProductX,Sold
622562764,ProductX,Sold
621377798,ProductX,Sold
570634773,ProductX,Lost
484356831,ProductX,Lost
623819,ProductX,Lost
615739742,ProductX,Sold
703924545,ProductX,Lost
580894,ProductX,Lost
383517853,ProductX,Sold
627231,ProductX,Lost
640922592,ProductX,Lost
696768464,ProductX,Lost
669231712,ProductX,Lost
75762647,ProductX,Sold
630592652,ProductX,Sold
677991406,ProductX,Lost
609393434,ProductX,Sold
638714240,ProductX,Lost
485606651,ProductX,Lost
528420,ProductX,Lost
677251580,ProductX,Lost
434152818,ProductX,Lost
775542,ProductX,Lost
152842407,ProductX,Sold
266354411,ProductX,Lost
448324,ProductX,Lost
573658913,ProductX,Lost
650490808,ProductX,Lost
428219160,ProductX,Lost
674059,ProductX,Sold
504032789,ProductX,Lost
450620839,ProductX,Lost
543586,ProductX,Lost
625679,ProductX,Lost
672732,ProductX,Lost
611560,ProductX,Lost
652410853,ProductX,Sold
475483,ProductX,Lost
764604,ProductX,Lost
391889384,ProductX,Lost
706942,ProductX,Lost
621324,ProductX,Lost
494162,ProductX,Lost
43139695,ProductX,Lost
762207,ProductX,Lost
616843624,ProductX,Lost
460928185,ProductX,Lost
417272369,ProductX,Lost
824119,ProductX,Lost
576621,ProductX,Lost
720929,ProductX,Lost
536519,ProductX,Lost
62383209,ProductX,Lost
729981,ProductX,Lost
582234,ProductX,Lost
622752010,ProductX,Sold
671977,ProductX,Sold
562874247,ProductX,Lost
650421220,ProductX,Lost
809533,ProductX,Lost
573543349,ProductX,Lost
557101134,ProductX,Lost
695659480,ProductX,Lost
348807573,ProductX,Sold
493190805,ProductX,Lost
80062354,ProductX,Lost
391981601,ProductX,Sold
562046,ProductX,Lost
373264748,ProductX,Lost
204538974,ProductX,Lost
453291,ProductX,Lost
504109993,ProductX,Lost
443419993,ProductX,Lost
429589157,ProductX,Lost
694504699,ProductX,Lost
416042278,ProductX,Lost
675600890,ProductX,Sold
253151161,ProductX,Lost
192490984,ProductX,Lost
12921323,ProductX,Lost
673340,ProductX,Lost
704596592,ProductX,Lost
674611210,ProductX,Lost
399038847,ProductX,Sold
475054,ProductX,Lost
577231068,ProductX,Lost
659372686,ProductX,Sold
19646488,ProductX,Lost
657508939,ProductX,Lost
643421924,ProductX,Sold
106798248,ProductX,Sold
314122945,ProductX,Lost
377149028,ProductX,Lost
75856934,ProductX,Lost
666461308,ProductX,Lost
456660834,ProductX,Lost
323222863,ProductX,Lost
493907584,ProductX,Lost
448071323,ProductX,Lost
600023965,ProductX,Lost
725442,ProductX,Lost
712998411,ProductX,Lost
128806413,ProductX,Lost
489433149,ProductX,Lost
227972411,ProductX,Lost
232881459,ProductX,Lost
719614,ProductX,Lost
622742560,ProductX,Sold
186579502,ProductX,Lost
67934137,ProductX,Lost
625480490,ProductX,Sold
300351698,ProductX,Lost
629212,ProductX,Lost
326906260,ProductX,Sold
553640,ProductX,Lost
370067736,ProductX,Sold
707179028,ProductX,Lost
281779828,ProductX,Lost
676753505,ProductX,Lost
536515,ProductX,Lost
591112555,ProductX,Lost
598542090,ProductX,Sold
509204497,ProductX,Lost
677348,ProductX,Lost
671892,ProductX,Lost
536711355,ProductX,Sold
555168817,ProductX,Sold
623628985,ProductX,Sold
248441203,ProductX,Lost
593533925,ProductX,Lost
696683321,ProductX,Lost
566585040,ProductX,Lost
689499,ProductX,Lost
589485410,ProductX,Sold
158837264,ProductX,Lost
679387,ProductX,Lost
628408513,ProductX,Sold
670386356,ProductX,Lost
158791179,ProductX,Lost
252130520,ProductX,Lost
333982095,ProductX,Lost
446742190,ProductX,Lost
353283564,ProductX,Lost
646994699,ProductX,Lost
387382656,ProductX,Lost
613561,ProductX,Sold
612689,ProductX,Sold
455706,ProductX,Lost
221723091,ProductX,Lost
535605,ProductX,Lost
273663798,ProductX,Lost
130985741,ProductX,Lost
387223477,ProductX,Lost
545572419,ProductX,Lost
437498763,ProductX,Lost
701362150,ProductX,Sold
411384624,ProductX,Lost
715853,ProductX,Lost
809947,ProductX,Lost
595703578,ProductX,Sold
269411004,ProductX,Sold
327340582,ProductX,Sold
380113151,ProductX,Lost
450671001,ProductX,Lost
574785832,ProductX,Sold
325650035,ProductX,Lost
394546245,ProductX,Lost
839912,ProductX,Sold
615455569,ProductX,Lost
633810020,ProductX,Sold
693961722,ProductX,Sold
479366866,ProductX,Lost
610231095,ProductX,Lost
610709246,ProductX,Sold
538717058,ProductX,Lost
357067175,ProductX,Lost
727581,ProductX,Lost
534990,ProductX,Lost
472411,ProductX,Lost
53283039,ProductX,Lost
701706,ProductX,Lost
750832,ProductX,Lost
591871,ProductX,Lost
609184052,ProductX,Sold
237907891,ProductX,Lost
351502042,ProductX,Lost
461586,ProductX,Lost
286003340,ProductX,Lost
689893,ProductX,Lost
560934,ProductX,Lost
653264,ProductX,Lost
590453,ProductX,Lost
396455014,ProductX,Lost
619133236,ProductX,Lost
569400788,ProductX,Lost
433509140,ProductX,Lost
209526530,ProductX,Lost
628885144,ProductX,Lost
732965,ProductX,Lost
134711142,ProductX,Lost
643394013,ProductX,Lost
677162383,ProductX,Lost
297754047,ProductX,Lost
554635,ProductX,Lost
610030527,ProductX,Sold
499177682,ProductX,Lost
665872763,ProductX,Sold
537646761,ProductX,Lost
491178239,ProductX,Lost
505762474,ProductX,Lost
285786302,ProductX,Sold
215664972,ProductX,Lost
537498,ProductX,Sold
620204693,ProductX,Sold
767052,ProductX,Lost
513246025,ProductX,Lost
683957204,ProductX,Lost
302172205,ProductX,Lost
565028,ProductX,Lost
846020,ProductX,Lost
280636198,ProductX,Lost
450495,ProductX,Lost
430326501,ProductX,Sold
492251,ProductX,Lost
547171516,ProductX,Lost
674524349,ProductX,Lost
669330872,ProductX,Sold
499742721,ProductX,Lost
541512,ProductX,Lost
659945326,ProductX,Lost
342431342,ProductX,Lost
163534543,ProductX,Lost
703971778,ProductX,Lost
399186396,ProductX,Lost
638861891,ProductX,Lost
95463120,ProductX,Sold
664117,ProductX,Lost
115931716,ProductX,Lost
709819065,ProductX,Sold
553427280,ProductX,Lost
558069793,ProductX,Lost
413819282,ProductX,Lost
666499843,ProductX,Lost
804095,ProductX,Sold
559786,ProductX,Lost
358822907,ProductX,Lost
799852,ProductX,Lost
75964386,ProductX,Lost
603242,ProductX,Lost
614413932,ProductX,Sold
664377,ProductX,Lost
337270082,ProductX,Lost
479116462,ProductX,Lost
477697313,ProductX,Lost
676141410,ProductX,Sold
708319,ProductX,Lost
632114,ProductX,Lost
697090,ProductX,Lost
631529487,ProductX,Sold
481373575,ProductX,Lost
537639342,ProductX,Lost
656239651,ProductX,Sold
432234,ProductX,Lost
272211847,ProductX,Sold
624517866,ProductX,Sold
537542624,ProductX,Lost
324375552,ProductX,Lost
538705,ProductX,Lost
193029372,ProductX,Lost
287661513,ProductX,Sold
673048187,ProductX,Lost
505770,ProductX,Lost
666902325,ProductX,Sold
2847312,ProductX,Lost
635583603,ProductX,Lost
483460524,ProductX,Lost
650373517,ProductX,Sold
638069000,ProductX,Lost
516936,ProductX,Sold
401557724,ProductX,Lost
317395252,ProductX,Lost
475550224,ProductX,Sold
568291618,ProductX,Lost
655256297,ProductX,Sold
691915431,ProductX,Sold
524100782,ProductX,Lost
676108575,ProductX,Lost
103176902,ProductX,Lost
433243331,ProductX,Lost
609068919,ProductX,Lost
578304095,ProductX,Sold
699794560,ProductX,Lost
636140116,ProductX,Lost
457072,ProductX,Lost
428357143,ProductX,Lost
644021,ProductX,Lost
375687472,ProductX,Lost
396384570,ProductX,Lost
616771267,ProductX,Lost
582684539,ProductX,Sold
659612264,ProductX,Lost
459166254,ProductX,Lost
534030242,ProductX,Lost
371740929,ProductX,Lost
698947515,ProductX,Lost
757644,ProductX,Lost
678089844,ProductX,Lost
384546213,ProductX,Sold
387566818,ProductX,Lost
634826828,ProductX,Lost
79852704,ProductX,Lost
631629,ProductX,Lost
491401092,ProductX,Lost
782033,ProductX,Lost
784896,ProductX,Lost
499316179,ProductX,Lost
235776868,ProductX,Sold
680336,ProductX,Lost
608941,ProductX,Lost
482364239,ProductX,Lost
650278040,ProductX,Sold
806254,ProductX,Lost
854381,ProductX,Lost
516796216,ProductX,Sold
846046,ProductX,Lost
630548200,ProductX,Lost
622854699,ProductX,Lost
471013,ProductX,Lost
795589,ProductX,Lost
808877,ProductX,Lost
240280224,ProductX,Sold
623723138,ProductX,Lost
535430832,ProductX,Sold
727268,ProductX,Sold
333016565,ProductX,Lost
521041199,ProductX,Lost
553990914,ProductX,Lost
609250420,ProductX,Lost
30131842,ProductX,Lost
650278164,ProductX,Lost
471029463,ProductX,Lost
621067,ProductX,Lost
793878,ProductX,Lost
466762,ProductX,Lost
520222936,ProductX,Lost
667955696,ProductX,Sold
763014,ProductX,Sold
732542,ProductX,Lost
543217,ProductX,Lost
736461,ProductX,Lost
628161418,ProductX,Sold
770537,ProductX,Sold
205362062,ProductX,Lost
324686055,ProductX,Lost
467150,ProductX,Sold
805921,ProductX,Lost
555791805,ProductX,Lost
744047,ProductX,Sold
614492051,ProductX,Lost
439039,ProductX,Lost
333599184,ProductX,Lost
633995307,ProductX,Lost
717737,ProductX,Lost
625959766,ProductX,Lost
727173,ProductX,Lost
327375985,ProductX,Sold
126945289,ProductX,Lost
296073291,ProductX,Lost
607884,ProductX,Lost
650254,ProductX,Lost
616612788,ProductX,Lost
215452425,ProductX,Lost
709940,ProductX,Lost
515655639,ProductX,Lost
385236968,ProductX,Sold
555192139,ProductX,Lost
652722066,ProductX,Sold
686933784,ProductX,Lost
700746218,ProductX,Lost
686010314,ProductX,Sold
831269,ProductX,Lost
243702870,ProductX,Lost
65805803,ProductX,Lost
464000,ProductX,Lost
674584356,ProductX,Sold
583244532,ProductX,Sold
577859299,ProductX,Lost
547021282,ProductX,Lost
492978,ProductX,Lost
739106,ProductX,Lost
575793,ProductX,Lost
17862510,ProductX,Lost
590402,ProductX,Lost
675682,ProductX,Lost
785428,ProductX,Lost
408581645,ProductX,Lost
641834100,ProductX,Lost
466941248,ProductX,Lost
553482216,ProductX,Lost
641185487,ProductX,Lost
684065,ProductX,Lost
384592291,ProductX,Sold
812480,ProductX,Lost
784719,ProductX,Lost
129973890,ProductX,Lost
621193803,ProductX,Lost
267274574,ProductX,Sold
196893885,ProductX,Sold
665118,ProductX,Lost
774145,ProductX,Lost
422990738,ProductX,Lost
771330,ProductX,Lost
672873,ProductX,Sold
323337830,ProductX,Lost
799939,ProductX,Lost
575509445,ProductX,Lost
281806748,ProductX,Lost
675847707,ProductX,Sold
318014693,ProductX,Lost
626819673,ProductX,Sold
569144465,ProductX,Sold
281958248,ProductX,Lost
664474757,ProductX,Lost
246358000,ProductX,Sold
71144339,ProductX,Lost
575597731,ProductX,Lost
651445884,ProductX,Lost
727357,ProductX,Lost
620636,ProductX,Lost
652641,ProductX,Lost
48903431,ProductX,Lost
566232,ProductX,Lost
569253373,ProductX,Sold
596635847,ProductX,Lost
734927,ProductX,Lost
848285,ProductX,Lost
679679293,ProductX,Lost
697624899,ProductX,Sold
152839440,ProductX,Lost
718335,ProductX,Lost
573175,ProductX,Lost
618158604,ProductX,Lost
651984,ProductX,Lost
19810918,ProductX,Lost
174096025,ProductX,Sold
551666,ProductX,Lost
507840000,ProductX,Lost
63948152,ProductX,Lost
650564239,ProductX,Sold
178856691,ProductX,Lost
587378207,ProductX,Lost
586861932,ProductX,Lost
272279601,ProductX,Lost
603197768,ProductX,Lost
510140,ProductX,Lost
548279384,ProductX,Sold
577456998,ProductX,Lost
290387953,ProductX,Lost
530141821,ProductX,Sold
379927046,ProductX,Lost
226912124,ProductX,Lost
543757600,ProductX,Sold
492705049,ProductX,Lost
706899713,ProductX,Lost
552605,ProductX,Lost
616149,ProductX,Sold
300107858,ProductX,Lost
308896521,ProductX,Lost
458408244,ProductX,Lost
725104,ProductX,Lost
451292,ProductX,Lost
638267173,ProductX,Lost
678216278,ProductX,Lost
311750728,ProductX,Lost
436788248,ProductX,Lost
610331,ProductX,Lost
220023825,ProductX,Lost
442129225,ProductX,Lost
366089540,ProductX,Lost
505989620,ProductX,Lost
573351548,ProductX,Lost
474676,ProductX,Lost
565425850,ProductX,Sold
624028351,ProductX,Lost
568483721,ProductX,Lost
710359324,ProductX,Sold
443396,ProductX,Lost
687406,ProductX,Lost
685846357,ProductX,Sold
477752,ProductX,Lost
282027443,ProductX,Lost
452447,ProductX,Lost
651803827,ProductX,Lost
662466783,ProductX,Lost
498973470,ProductX,Lost
279191696,ProductX,Sold
468448328,ProductX,Lost
486948524,ProductX,Lost
795106,ProductX,Lost
79220121,ProductX,Lost
97083935,ProductX,Sold
174458969,ProductX,Lost
572280544,ProductX,Sold
135181175,ProductX,Lost
478611,ProductX,Lost
791845,ProductX,Lost
315033994,ProductX,Sold
701214645,ProductX,Sold
641166820,ProductX,Sold
768964,ProductX,Lost
306390688,ProductX,Lost
754409,ProductX,Lost
559327179,ProductX,Lost
451532,ProductX,Lost
601068663,ProductX,Sold
425219165,ProductX,Lost
706500108,ProductX,Sold
703958,ProductX,Sold
462187233,ProductX,Lost
43052885,ProductX,Lost
741574,ProductX,Lost
557618491,ProductX,Lost
523428605,ProductX,Lost
537003414,ProductX,Lost
683867070,ProductX,Sold
601215877,ProductX,Sold
679301238,ProductX,Sold
565432,ProductX,Lost
160978576,ProductX,Lost
811566,ProductX,Lost
624222053,ProductX,Sold
595993767,ProductX,Lost
568172480,ProductX,Lost
655166618,ProductX,Lost
681585050,ProductX,Sold
579431746,ProductX,Sold
376564468,ProductX,Lost
39136070,ProductX,Lost
539542056,ProductX,Lost
818122,ProductX,Lost
507999,ProductX,Lost
534784441,ProductX,Sold
801512,ProductX,Lost
539456255,ProductX,Sold
441618,ProductX,Lost
430885327,ProductX,Lost
816423,ProductX,Sold
305289852,ProductX,Lost
438424,ProductX,Lost
281868512,ProductX,Lost
810755,ProductX,Lost
480011221,ProductX,Lost
777921,ProductX,Lost
700428,ProductX,Lost
551049,ProductX,Lost
687409375,ProductX,Sold
491837109,ProductX,Lost
502694,ProductX,Lost
698166458,ProductX,Lost
123007204,ProductX,Lost
614261696,ProductX,Sold
682109224,ProductX,Lost
499541,ProductX,Lost
226976240,ProductX,Sold
602851421,ProductX,Lost
783469,ProductX,Lost
598879565,ProductX,Lost
412265568,ProductX,Lost
632349,ProductX,Lost
802677,ProductX,Lost
654562395,ProductX,Lost
342490866,ProductX,Lost
653880311,ProductX,Sold
639067,ProductX,Lost
577648952,ProductX,Sold
614333721,ProductX,Lost
785542,ProductX,Lost
692097208,ProductX,Sold
769729,ProductX,Lost
610587607,ProductX,Lost
552084,ProductX,Lost
560498840,ProductX,Lost
205444350,ProductX,Lost
75520876,ProductX,Lost
312205234,ProductX,Lost
621423093,ProductX,Sold
428915346,ProductX,Lost
193271209,ProductX,Sold
57234008,ProductX,Lost
704929,ProductX,Lost
650278292,ProductX,Sold
753860,ProductX,Lost
729136,ProductX,Lost
272078332,ProductX,Sold
541501,ProductX,Lost
689305377,ProductX,Sold
301844333,ProductX,Lost
650278066,ProductX,Sold
573268,ProductX,Sold
403772313,ProductX,Lost
465117,ProductX,Sold
168007991,ProductX,Lost
96385757,ProductX,Lost
130705001,ProductX,Lost
387352581,ProductX,Sold
575245926,ProductX,Sold
394119125,ProductX,Lost
686697793,ProductX,Sold
667048,ProductX,Lost
780850,ProductX,Sold
512324474,ProductX,Lost
687237766,ProductX,Lost
333115599,ProductX,Lost
395379321,ProductX,Lost
674882614,ProductX,Lost
561876329,ProductX,Lost
615667706,ProductX,Lost
675253967,ProductX,Lost
273630098,ProductX,Lost
546357936,ProductX,Lost
450851122,ProductX,Lost
664891,ProductX,Lost
6908097,ProductX,Lost
483604390,ProductX,Sold
537918,ProductX,Lost
604792,ProductX,Lost
666654055,ProductX,Lost
727646,ProductX,Lost
95596965,ProductX,Lost
518297,ProductX,Lost
509722171,ProductX,Sold
613114,ProductX,Sold
636444851,ProductX,Lost
621547921,ProductX,Lost
555745401,ProductX,Sold
686977,ProductX,Lost
459094738,ProductX,Sold
243599242,ProductX,Lost
630446941,ProductX,Lost
566675,ProductX,Lost
806439,ProductX,Lost
616007358,ProductX,Lost
225710547,ProductX,Lost
730954,ProductX,Lost
725556,ProductX,Lost
454445,ProductX,Lost
636051910,ProductX,Lost
671272031,ProductX,Lost
551537367,ProductX,Lost
685689333,ProductX,Lost
387577427,ProductX,Lost
484343,ProductX,Lost
557048528,ProductX,Lost
768487,ProductX,Lost
619772412,ProductX,Lost
477255,ProductX,Lost
341724345,ProductX,Lost
660174745,ProductX,Lost
448214,ProductX,Lost
695924574,ProductX,Lost
841102,ProductX,Lost
584920311,ProductX,Lost
562627769,ProductX,Lost
642668,ProductX,Lost
499501,ProductX,Lost
289421079,ProductX,Lost
205509504,ProductX,Lost
478799914,ProductX,Sold
607773513,ProductX,Sold
571771237,ProductX,Lost
812288,ProductX,Sold
215716212,ProductX,Lost
455562126,ProductX,Lost
637940454,ProductX,Lost
425559909,ProductX,Lost
638063206,ProductX,Lost
549073,ProductX,Lost
459852055,ProductX,Lost
240161017,ProductX,Lost
628429602,ProductX,Sold
666818,ProductX,Lost
664675266,ProductX,Sold
605704561,ProductX,Lost
711563781,ProductX,Sold
283180360,ProductX,Lost
656691344,ProductX,Sold
75288581,ProductX,Lost
654170,ProductX,Lost
725059,ProductX,Lost
499742318,ProductX,Lost
666663226,ProductX,Lost
289448270,ProductX,Lost
421636839,ProductX,Lost
396754904,ProductX,Lost
818782,ProductX,Lost
200113749,ProductX,Lost
618797531,ProductX,Lost
275378262,ProductX,Lost
254592816,ProductX,Lost
612012724,ProductX,Lost
183507419,ProductX,Lost
546537,ProductX,Lost
555131,ProductX,Lost
476835681,ProductX,Sold
664723,ProductX,Lost
625385762,ProductX,Lost
392444528,ProductX,Lost
653978023,ProductX,Lost
630841928,ProductX,Sold
557991,ProductX,Lost
626015264,ProductX,Sold
635024099,ProductX,Lost
150729134,ProductX,Lost
696829,ProductX,Lost
609325,ProductX,Lost
621432119,ProductX,Lost
516971871,ProductX,Lost
508534928,ProductX,Lost
668874855,ProductX,Lost
660462,ProductX,Lost
641233,ProductX,Lost
421757979,ProductX,Lost
621518814,ProductX,Lost
792432,ProductX,Lost
302828458,ProductX,Lost
448181,ProductX,Lost
624602696,ProductX,Sold
402432870,ProductX,Lost
849624,ProductX,Sold
511844,ProductX,Lost
688610,ProductX,Lost
622870693,ProductX,Sold
851912,ProductX,Lost
22414202,ProductX,Lost
556753251,ProductX,Lost
485414,ProductX,Lost
620089294,ProductX,Sold
495450,ProductX,Lost
60037183,ProductX,Lost
175575351,ProductX,Lost
381902193,ProductX,Lost
685938976,ProductX,Sold
692050895,ProductX,Lost
530816023,ProductX,Sold
698478305,ProductX,Lost
530383,ProductX,Lost
574454,ProductX,Lost
508717117,ProductX,Lost
480348,ProductX,Lost
196764753,ProductX,Lost
548749,ProductX,Lost
654123914,ProductX,Lost
499492,ProductX,Lost
451309,ProductX,Lost
259226455,ProductX,Lost
215873958,ProductX,Lost
50927686,ProductX,Lost
725453,ProductX,Lost
759734,ProductX,Lost
573739105,ProductX,Lost
147318953,ProductX,Lost
673727,ProductX,Lost
513524092,ProductX,Lost
216106875,ProductX,Lost
210152450,ProductX,Lost
610728964,ProductX,Sold
488947,ProductX,Sold
616612,ProductX,Sold
450904340,ProductX,Lost
219087071,ProductX,Sold
398105789,ProductX,Lost
586943437,ProductX,Sold
678147002,ProductX,Lost
761319,ProductX,Lost
304896943,ProductX,Lost
504090,ProductX,Lost
550417,ProductX,Lost
608291062,ProductX,Lost
868683,ProductX,Lost
455250209,ProductX,Lost
544724562,ProductX,Sold
183045564,ProductX,Lost
673157,ProductX,Lost
300557788,ProductX,Sold
624834,ProductX,Lost
692881686,ProductX,Lost
451763,ProductX,Lost
154588386,ProductX,Lost
709864816,ProductX,Sold
441315492,ProductX,Sold
222543210,ProductX,Lost
675756003,ProductX,Sold
394494668,ProductX,Lost
625853281,ProductX,Sold
385120154,ProductX,Sold
499878,ProductX,Lost
107132676,ProductX,Lost
469254131,ProductX,Lost
523462366,ProductX,Sold
706487,ProductX,Lost
568205725,ProductX,Lost
772156,ProductX,Lost
631469706,ProductX,Sold
630419820,ProductX,Lost
284799835,ProductX,Lost
628472,ProductX,Lost
650119531,ProductX,Sold
630171488,ProductX,Sold
155023694,ProductX,Lost
807256,ProductX,Sold
488433,ProductX,Sold
650428429,ProductX,Lost
84636842,ProductX,Lost
683964566,ProductX,Sold
641218538,ProductX,Lost
154129349,ProductX,Lost
297255086,ProductX,Lost
843707,ProductX,Lost
506621546,ProductX,Sold
744834,ProductX,Lost
696909,ProductX,Lost
400855269,ProductX,Sold
675447292,ProductX,Lost
441134123,ProductX,Lost
616070493,ProductX,Lost
539473876,ProductX,Lost
419748297,ProductX,Lost
246487485,ProductX,Lost
508583525,ProductX,Lost
645594,ProductX,Lost
189692539,ProductX,Sold
432282,ProductX,Sold
416771908,ProductX,Lost
482137,ProductX,Lost
318193545,ProductX,Lost
54985486,ProductX,Lost
667869935,ProductX,Lost
558259559,ProductX,Lost
562127,ProductX,Lost
226976687,ProductX,Lost
684096745,ProductX,Sold
41145763,ProductX,Lost
662292036,ProductX,Lost
537182,ProductX,Lost
36481490,ProductX,Lost
421948692,ProductX,Lost
748549,ProductX,Lost
315328215,ProductX,Lost
567601,ProductX,Lost
517021725,ProductX,Lost
503017458,ProductX,Sold
234899894,ProductX,Lost
66544448,ProductX,Lost
624619882,ProductX,Lost
721166,ProductX,Lost
654623962,ProductX,Sold
763609,ProductX,Lost
508715901,ProductX,Lost
685017172,ProductX,Sold
644406588,ProductX,Lost
507868403,ProductX,Lost
681099,ProductX,Lost
693721790,ProductX,Lost
511690246,ProductX,Lost
535539774,ProductX,Sold
647736,ProductX,Lost
481710,ProductX,Lost
32504865,ProductX,Lost
396924360,ProductX,Lost
704021,ProductX,Lost
615882977,ProductX,Sold
637154,ProductX,Sold
571364533,ProductX,Sold
688324455,ProductX,Lost
625481350,ProductX,Sold
649044,ProductX,Lost
601314,ProductX,Lost
601992416,ProductX,Lost
802701,ProductX,Sold
358068171,ProductX,Lost
247169351,ProductX,Lost
641901,ProductX,Lost
646910,ProductX,Lost
733874,ProductX,Lost
542305023,ProductX,Lost
517103983,ProductX,Lost
596354666,ProductX,Lost
100468017,ProductX,Lost
626186213,ProductX,Lost
549397,ProductX,Lost
707154673,ProductX,Lost
615223284,ProductX,Lost
659375809,ProductX,Sold
588229,ProductX,Lost
523231965,ProductX,Lost
796395,ProductX,Sold
779106,ProductX,Lost
311523818,ProductX,Lost
616067789,ProductX,Lost
469050690,ProductX,Lost
567086007,ProductX,Lost
387312724,ProductX,Lost
575310,ProductX,Sold
580446825,ProductX,Sold
600456,ProductX,Lost
455481831,ProductX,Sold
683975475,ProductX,Lost
832094,ProductX,Lost
644785,ProductX,Lost
225710516,ProductX,Lost
572327280,ProductX,Lost
401698815,ProductX,Lost
477436743,ProductX,Lost
198836607,ProductX,Lost
343115089,ProductX,Lost
688977,ProductX,Lost
854768,ProductX,Sold
676788707,ProductX,Lost
705755317,ProductX,Lost
407189312,ProductX,Lost
170452240,ProductX,Sold
79984075,ProductX,Lost
502419876,ProductX,Lost
385975442,ProductX,Lost
801937,ProductX,Lost
346372937,ProductX,Lost
550193217,ProductX,Sold
275206928,ProductX,Lost
542514834,ProductX,Sold
595963,ProductX,Sold
614368129,ProductX,Lost
554719,ProductX,Lost
397081284,ProductX,Lost
604633378,ProductX,Lost
564881144,ProductX,Sold
487003930,ProductX,Lost
551660735,ProductX,Lost
168506372,ProductX,Lost
437604293,ProductX,Lost
224747419,ProductX,Sold
740314,ProductX,Sold
579225257,ProductX,Sold
19152461,ProductX,Lost
560509302,ProductX,Sold
685097,ProductX,Lost
786570,ProductX,Lost
634033757,ProductX,Lost
625474325,ProductX,Lost
160838938,ProductX,Lost
780827,ProductX,Sold
601138934,ProductX,Lost
596470634,ProductX,Lost
581001,ProductX,Lost
690681525,ProductX,Lost
661039202,ProductX,Lost
685537641,ProductX,Lost
687457159,ProductX,Sold
82302994,ProductX,Lost
570453526,ProductX,Lost
616566811,ProductX,Lost
552622672,ProductX,Sold
597447909,ProductX,Lost
408608371,ProductX,Lost
727802,ProductX,Lost
678495401,ProductX,Lost
331531885,ProductX,Lost
615307553,ProductX,Lost
453042990,ProductX,Lost
341728069,ProductX,Sold
554011617,ProductX,Lost
14853561,ProductX,Lost
605082,ProductX,Lost
510002218,ProductX,Lost
424438953,ProductX,Sold
760650,ProductX,Lost
393788899,ProductX,Sold
38343505,ProductX,Lost
359182001,ProductX,Lost
708799555,ProductX,Lost
670704556,ProductX,Lost
684216947,ProductX,Lost
437631879,ProductX,Lost
529984895,ProductX,Lost
650689204,ProductX,Lost
608322867,ProductX,Lost
627798163,ProductX,Sold
843351,ProductX,Lost
650612309,ProductX,Lost
515525985,ProductX,Lost
446567485,ProductX,Lost
221289153,ProductX,Lost
664807455,ProductX,Sold
54087741,ProductX,Lost
653168,ProductX,Lost
558484,ProductX,Lost
203222186,ProductX,Sold
453498,ProductX,Lost
669275613,ProductX,Lost
674828,ProductX,Lost
687215452,ProductX,Sold
139540735,ProductX,Lost
514539472,ProductX,Lost
648130828,ProductX,Lost
666195890,ProductX,Sold
541733732,ProductX,Lost
722047,ProductX,Lost
680559571,ProductX,Sold
567979475,ProductX,Lost
710536317,ProductX,Lost
704732754,ProductX,Lost
296009211,ProductX,Lost
607240,ProductX,Sold
419856043,ProductX,Lost
194244914,ProductX,Lost
615828586,ProductX,Lost
598905468,ProductX,Lost
755185,ProductX,Lost
493075780,ProductX,Lost
341107886,ProductX,Lost
593077903,ProductX,Lost
538545677,ProductX,Lost
319364461,ProductX,Lost
692854118,ProductX,Sold
595044,ProductX,Lost
327420714,ProductX,Sold
619986,ProductX,Lost
626175323,ProductX,Sold
596590151,ProductX,Sold
496420,ProductX,Lost
155180546,ProductX,Lost
442160007,ProductX,Lost
801049,ProductX,Lost
382896614,ProductX,Lost
708195151,ProductX,Sold
558234933,ProductX,Sold
546267864,ProductX,Sold
575945,ProductX,Lost
589502005,ProductX,Sold
297611661,ProductX,Sold
507747,ProductX,Lost
477280468,ProductX,Lost
564891641,ProductX,Lost
847530,ProductX,Lost
507560,ProductX,Lost
566762,ProductX,Lost
419257884,ProductX,Lost
685794,ProductX,Lost
575410503,ProductX,Lost
683223,ProductX,Lost
439785242,ProductX,Lost
631532244,ProductX,Sold
696625694,ProductX,Sold
569233223,ProductX,Sold
683751689,ProductX,Lost
216059265,ProductX,Lost
308551177,ProductX,Lost
556423,ProductX,Sold
101261630,ProductX,Sold
631734806,ProductX,Sold
533495,ProductX,Lost
631099551,ProductX,Sold
128472544,ProductX,Lost
847285,ProductX,Lost
375877896,ProductX,Sold
422203741,ProductX,Lost
565011533,ProductX,Sold
562014,ProductX,Lost
718818,ProductX,Lost
265755328,ProductX,Lost
490172940,ProductX,Lost
650518587,ProductX,Sold
519117122,ProductX,Sold
630263128,ProductX,Lost
535338392,ProductX,Lost
784491,ProductX,Lost
306990708,ProductX,Lost
705697806,ProductX,Lost
324488268,ProductX,Lost
689733599,ProductX,Lost
705649995,ProductX,Lost
699820,ProductX,Lost
760083,ProductX,Sold
562036106,ProductX,Lost
443437,ProductX,Lost
626382,ProductX,Lost
868621,ProductX,Sold
245697079,ProductX,Sold
518126984,ProductX,Lost
772846,ProductX,Lost
382725893,ProductX,Lost
560015448,ProductX,Lost
500116323,ProductX,Lost
162437524,ProductX,Lost
372613240,ProductX,Lost
700600559,ProductX,Sold
224111501,ProductX,Lost
538591814,ProductX,Sold
816931,ProductX,Sold
169737798,ProductX,Lost
515886,ProductX,Lost
641440,ProductX,Lost
475495560,ProductX,Lost
645665076,ProductX,Lost
673775232,ProductX,Sold
542399964,ProductX,Sold
650278020,ProductX,Sold
778363,ProductX,Lost
622202,ProductX,Lost
642095810,ProductX,Lost
511531,ProductX,Lost
488126281,ProductX,Sold
650525557,ProductX,Sold
748464,ProductX,Lost
603460,ProductX,Lost
468737174,ProductX,Lost
452563621,ProductX,Lost
162931195,ProductX,Lost
434360,ProductX,Lost
265833696,ProductX,Sold
685970503,ProductX,Sold
86812060,ProductX,Lost
521573205,ProductX,Lost
602925,ProductX,Lost
611039698,ProductX,Lost
369621489,ProductX,Lost
650006,ProductX,Lost
273950780,ProductX,Sold
273177147,ProductX,Lost
250235275,ProductX,Lost
306520544,ProductX,Lost
621239789,ProductX,Sold
681799228,ProductX,Lost
647472164,ProductX,Lost
592776402,ProductX,Lost
364793963,ProductX,Lost
641889,ProductX,Lost
841505,ProductX,Lost
725066,ProductX,Lost
675416075,ProductX,Lost
638602165,ProductX,Lost
771333,ProductX,Lost
468030,ProductX,Lost
557923412,ProductX,Lost
651952460,ProductX,Lost
644376,ProductX,Lost
591571408,ProductX,Lost
629620,ProductX,Lost
139621545,ProductX,Sold
454171,ProductX,Lost
607248,ProductX,Lost
725056,ProductX,Lost
219155983,ProductX,Lost
507119,ProductX,Lost
123670781,ProductX,Lost
157294701,ProductX,Sold
581149,ProductX,Lost
682507795,ProductX,Sold
627040573,ProductX,Lost
650357689,ProductX,Lost
415939004,ProductX,Lost
722056,ProductX,Lost
453506,ProductX,Lost
25361467,ProductX,Lost
398018701,ProductX,Lost
702242145,ProductX,Sold
519868,ProductX,Lost
426315197,ProductX,Lost
527457,ProductX,Lost
724648,ProductX,Lost
625647257,ProductX,Lost
699417,ProductX,Lost
592170292,ProductX,Sold
444116728,ProductX,Lost
748544,ProductX,Lost
550658445,ProductX,Lost
577271,ProductX,Lost
421878856,ProductX,Lost
792331,ProductX,Lost
700673857,ProductX,Lost
635927426,ProductX,Lost
661737874,ProductX,Lost
473456701,ProductX,Lost
369155611,ProductX,Lost
681689333,ProductX,Lost
691628,ProductX,Lost
722463,ProductX,Lost
663713940,ProductX,Lost
667880,ProductX,Sold
10784850,ProductX,Sold
844679,ProductX,Lost
628704,ProductX,Lost
564092,ProductX,Lost
240178483,ProductX,Lost
438384,ProductX,Lost
669246282,ProductX,Lost
524183,ProductX,Lost
365868198,ProductX,Lost
640963057,ProductX,Lost
308609750,ProductX,Lost
666397231,ProductX,Lost
650279615,ProductX,Sold
625687838,ProductX,Lost
676105659,ProductX,Sold
415268744,ProductX,Lost
795027,ProductX,Lost
199127866,ProductX,Lost
635273619,ProductX,Lost
144289955,ProductX,Lost
507814817,ProductX,Sold
572645141,ProductX,Lost
433385252,ProductX,Lost
563742,ProductX,Lost
272987385,ProductX,Lost
654132188,ProductX,Lost
557920939,ProductX,Lost
195849052,ProductX,Lost
509379,ProductX,Lost
627144638,ProductX,Sold
493917694,ProductX,Sold
564929084,ProductX,Lost
449318,ProductX,Lost
362923524,ProductX,Lost
666313326,ProductX,Lost
707313664,ProductX,Lost
560378662,ProductX,Lost
657368409,ProductX,Lost
725519,ProductX,Lost
700629807,ProductX,Sold
685935699,ProductX,Sold
31874416,ProductX,Sold
564520,ProductX,Lost
568660271,ProductX,Lost
469506,ProductX,Lost
72502882,ProductX,Lost
712418,ProductX,Lost
991905,ProductX,Lost
143494741,ProductX,Sold
241741489,ProductX,Lost
56157365,ProductX,Sold
573255092,ProductX,Lost
455357,ProductX,Lost
59582335,ProductX,Lost
568629201,ProductX,Lost
608997208,ProductX,Lost
520622,ProductX,Lost
580563255,ProductX,Lost
821500,ProductX,Lost
598418657,ProductX,Lost
594264848,ProductX,Lost
277040824,ProductX,Lost
701068135,ProductX,Sold
567773116,ProductX,Lost
276851897,ProductX,Sold
416567563,ProductX,Lost
612719181,ProductX,Sold
675285,ProductX,Lost
545498,ProductX,Lost
273591050,ProductX,Lost
331796217,ProductX,Lost
669297610,ProductX,Sold
650380177,ProductX,Lost
273118200,ProductX,Lost
654109,ProductX,Lost
650216622,ProductX,Sold
390065775,ProductX,Lost
684963605,ProductX,Sold
155200906,ProductX,Lost
437481,ProductX,Lost
684864187,ProductX,Lost
104046209,ProductX,Sold
537872231,ProductX,Lost
663482596,ProductX,Lost
426501548,ProductX,Lost
650318344,ProductX,Lost
594238222,ProductX,Lost
495093,ProductX,Lost
608273,ProductX,Sold
576932283,ProductX,Sold
311820462,ProductX,Lost
492665721,ProductX,Lost
703821235,ProductX,Sold
602212,ProductX,Lost
707346,ProductX,Sold
737964,ProductX,Lost
509984680,ProductX,Lost
80153529,ProductX,Lost
639947501,ProductX,Lost
499647,ProductX,Lost
508994375,ProductX,Sold
659018610,ProductX,Lost
236968125,ProductX,Lost
603118267,ProductX,Lost
342498699,ProductX,Lost
537386746,ProductX,Lost
683759719,ProductX,Lost
358797788,ProductX,Lost
334099947,ProductX,Lost
693462117,ProductX,Lost
225710513,ProductX,Lost
217389043,ProductX,Lost
180183481,ProductX,Lost
606144568,ProductX,Lost
662457665,ProductX,Lost
846353,ProductX,Lost
772628,ProductX,Lost
193506932,ProductX,Lost
659724954,ProductX,Sold
778890,ProductX,Lost
707414537,ProductX,Sold
294221719,ProductX,Lost
766525,ProductX,Lost
767795,ProductX,Lost
797629,ProductX,Lost
47415700,ProductX,Lost
623451,ProductX,Lost
413608704,ProductX,Lost
543984,ProductX,Lost
702635641,ProductX,Lost
645581828,ProductX,Lost
581587,ProductX,Lost
356128068,ProductX,Lost
670883822,ProductX,Lost
586578,ProductX,Lost
598943157,ProductX,Lost
616161338,ProductX,Lost
594307086,ProductX,Sold
847576,ProductX,Lost
550387591,ProductX,Sold
615115373,ProductX,Lost
453041266,ProductX,Sold
847680,ProductX,Lost
162213393,ProductX,Lost
573210918,ProductX,Lost
369702476,ProductX,Lost
253143156,ProductX,Lost
458469,ProductX,Lost
311661008,ProductX,Lost
535099442,ProductX,Lost
106805908,ProductX,Lost
607522444,ProductX,Lost
198392061,ProductX,Lost
246389651,ProductX,Lost
594353925,ProductX,Lost
493956,ProductX,Lost
607678,ProductX,Sold
228883939,ProductX,Lost
204914347,ProductX,Lost
692087629,ProductX,Lost
440612,ProductX,Lost
337302439,ProductX,Lost
689454714,ProductX,Lost
273867503,ProductX,Lost
742816,ProductX,Sold
713218,ProductX,Lost
279125411,ProductX,Sold
558121013,ProductX,Sold
619991,ProductX,Lost
352811827,ProductX,Sold
599672678,ProductX,Lost
611662168,ProductX,Sold
557630,ProductX,Lost
285846473,ProductX,Lost
644252474,ProductX,Lost
640512,ProductX,Lost
582240614,ProductX,Lost
65790435,ProductX,Lost
814175,ProductX,Sold
502142,ProductX,Lost
575644870,ProductX,Sold
675377376,ProductX,Lost
645391234,ProductX,Sold
614466962,ProductX,Sold
58432674,ProductX,Lost
663718525,ProductX,Sold
270850945,ProductX,Lost
761296,ProductX,Lost
625516187,ProductX,Sold
370075835,ProductX,Lost
458751480,ProductX,Lost
657576733,ProductX,Lost
722562,ProductX,Lost
248688272,ProductX,Sold
384272061,ProductX,Lost
448708369,ProductX,Sold
218214041,ProductX,Lost
628755424,ProductX,Lost
868726,ProductX,Lost
341963981,ProductX,Lost
706068,ProductX,Lost
111535182,ProductX,Sold
571687868,ProductX,Lost
618176169,ProductX,Sold
671893,ProductX,Sold
491104393,ProductX,Lost
640989527,ProductX,Lost
616823744,ProductX,Lost
193458831,ProductX,Sold
664320958,ProductX,Lost
267187522,ProductX,Lost
497083448,ProductX,Sold
388440283,ProductX,Lost
795188,ProductX,Lost
848681,ProductX,Lost
507553,ProductX,Lost
594639,ProductX,Lost
50878224,ProductX,Lost
302225319,ProductX,Lost
200816371,ProductX,Lost
710310,ProductX,Lost
362752416,ProductX,Sold
97229397,ProductX,Lost
452632,ProductX,Lost
760466,ProductX,Lost
596318819,ProductX,Lost
523655954,ProductX,Lost
443308,ProductX,Lost
107209776,ProductX,Lost
559351,ProductX,Lost
528009495,ProductX,Sold
603658444,ProductX,Lost
636451890,ProductX,Lost
364627858,ProductX,Lost
362723479,ProductX,Lost
705852550,ProductX,Sold
393781737,ProductX,Lost
497598880,ProductX,Sold
612698,ProductX,Lost
460020159,ProductX,Lost
550396,ProductX,Lost
462302629,ProductX,Lost
213942742,ProductX,Lost
621078467,ProductX,Lost
677996245,ProductX,Lost
93268980,ProductX,Lost
622874049,ProductX,Sold
676051193,ProductX,Sold
770278,ProductX,Lost
615673390,ProductX,Sold
422165537,ProductX,Lost
374669081,ProductX,Sold
670008164,ProductX,Lost
616722381,ProductX,Lost
293658805,ProductX,Lost
394668094,ProductX,Lost
195781256,ProductX,Lost
676996844,ProductX,Sold
351631429,ProductX,Lost
723783,ProductX,Lost
628748290,ProductX,Lost
468706488,ProductX,Sold
733823,ProductX,Lost
619216500,ProductX,Lost
613571,ProductX,Lost
807157,ProductX,Lost
645821435,ProductX,Lost
44237643,ProductX,Lost
611425820,ProductX,Lost
322406108,ProductX,Lost
71361745,ProductX,Sold
277165721,ProductX,Lost
674336374,ProductX,Lost
394788755,ProductX,Lost
307370726,ProductX,Lost
585511030,ProductX,Lost
53344803,ProductX,Lost
525545,ProductX,Lost
659366,ProductX,Lost
663096,ProductX,Lost
649978453,ProductX,Lost
773365,ProductX,Lost
591462,ProductX,Lost
4027867,ProductX,Lost
650278212,ProductX,Sold
384984172,ProductX,Lost
559610,ProductX,Lost
98209303,ProductX,Lost
824108,ProductX,Lost
507200670,ProductX,Lost
343204626,ProductX,Lost
614323887,ProductX,Lost
441501344,ProductX,Lost
144734209,ProductX,Lost
628483172,ProductX,Sold
461023488,ProductX,Sold
633494561,ProductX,Sold
701282794,ProductX,Lost
547882,ProductX,Lost
575732,ProductX,Lost
171198519,ProductX,Lost
675931259,ProductX,Lost
182692934,ProductX,Sold
267090667,ProductX,Lost
596648978,ProductX,Lost
625497864,ProductX,Sold
705753944,ProductX,Sold
459471925,ProductX,Lost
711419296,ProductX,Lost
682653536,ProductX,Sold
92525590,ProductX,Lost
622437571,ProductX,Sold
218267769,ProductX,Lost
426751663,ProductX,Lost
708088299,ProductX,Sold
712838,ProductX,Lost
546906031,ProductX,Lost
222346557,ProductX,Lost
282045089,ProductX,Lost
479542,ProductX,Lost
633296306,ProductX,Sold
595868309,ProductX,Sold
455210658,ProductX,Lost
567790772,ProductX,Lost
357964816,ProductX,Sold
60419725,ProductX,Lost
44617787,ProductX,Sold
48168238,ProductX,Lost
475570,ProductX,Sold
264129474,ProductX,Lost
57155262,ProductX,Lost
500342,ProductX,Lost
65901037,ProductX,Lost
422733319,ProductX,Lost
667083334,ProductX,Lost
768894,ProductX,Lost
233323145,ProductX,Lost
663569607,ProductX,Lost
596749815,ProductX,Lost
326567919,ProductX,Lost
423023497,ProductX,Lost
455061293,ProductX,Lost
393115138,ProductX,Sold
507645352,ProductX,Lost
441926915,ProductX,Lost
689226,ProductX,Lost
513690698,ProductX,Lost
214105253,ProductX,Lost
666334867,ProductX,Sold
407739033,ProductX,Lost
814376,ProductX,Sold
641657,ProductX,Lost
595857779,ProductX,Lost
629283760,ProductX,Lost
337833941,ProductX,Lost
650278039,ProductX,Sold
561166388,ProductX,Lost
105917503,ProductX,Lost
676141401,ProductX,Lost
374782770,ProductX,Sold
533891,ProductX,Lost
625745112,ProductX,Sold
596760,ProductX,Sold
50062553,ProductX,Lost
485969,ProductX,Lost
399277996,ProductX,Lost
622776403,ProductX,Lost
656506714,ProductX,Lost
497434347,ProductX,Lost
486281666,ProductX,Sold
509973423,ProductX,Lost
449385,ProductX,Lost
233005619,ProductX,Lost
676846944,ProductX,Lost
753623,ProductX,Lost
696817677,ProductX,Sold
189766120,ProductX,Lost
112835914,ProductX,Lost
846197,ProductX,Lost
650524157,ProductX,Lost
353558031,ProductX,Lost
689991,ProductX,Lost
185592976,ProductX,Lost
548410028,ProductX,Lost
651224,ProductX,Lost
434758640,ProductX,Lost
578494876,ProductX,Lost
539938613,ProductX,Lost
478291,ProductX,Lost
718987,ProductX,Lost
650278249,ProductX,Lost
152861498,ProductX,Lost
484761533,ProductX,Lost
562318951,ProductX,Lost
504067349,ProductX,Lost
620061436,ProductX,Sold
599903899,ProductX,Lost
171333268,ProductX,Lost
264025082,ProductX,Lost
262017046,ProductX,Lost
439443,ProductX,Lost
547151721,ProductX,Sold
701966,ProductX,Sold
708168870,ProductX,Lost
506978814,ProductX,Sold
703449489,ProductX,Sold
344703527,ProductX,Lost
622428844,ProductX,Sold
183096992,ProductX,Lost
545937,ProductX,Lost
568139217,ProductX,Lost
812300,ProductX,Lost
624091150,ProductX,Lost
593361,ProductX,Lost
481345989,ProductX,Lost
529068,ProductX,Lost
133320944,ProductX,Lost
366082453,ProductX,Lost
137646288,ProductX,Lost
691554,ProductX,Sold
622480846,ProductX,Sold
650033161,ProductX,Sold
827089,ProductX,Sold
418354608,ProductX,Lost
733160,ProductX,Lost
293189966,ProductX,Lost
477049099,ProductX,Lost
46408831,ProductX,Lost
701568,ProductX,Lost
620442471,ProductX,Lost
771024,ProductX,Sold
558511,ProductX,Lost
501537699,ProductX,Lost
585538793,ProductX,Sold
566826393,ProductX,Sold
493797491,ProductX,Lost
533916422,ProductX,Lost
287442422,ProductX,Lost
499046,ProductX,Sold
435646477,ProductX,Lost
565018,ProductX,Sold
701212006,ProductX,Lost
50110974,ProductX,Lost
678385459,ProductX,Sold
654671244,ProductX,Sold
416351262,ProductX,Lost
100993599,ProductX,Lost
647095473,ProductX,Lost
632574620,ProductX,Sold
209992958,ProductX,Sold
432930367,ProductX,Lost
625466453,ProductX,Sold
279766982,ProductX,Lost
274008389,ProductX,Lost
650628126,ProductX,Lost
149653704,ProductX,Lost
576020178,ProductX,Lost
743622,ProductX,Sold
197558281,ProductX,Lost
564192,ProductX,Lost
670372086,ProductX,Lost
619195143,ProductX,Lost
526218123,ProductX,Lost
578313316,ProductX,Sold
475484,ProductX,Lost
706624,ProductX,Lost
515261,ProductX,Lost
537550487,ProductX,Lost
235640631,ProductX,Lost
461590,ProductX,Lost
669808,ProductX,Lost
772333,ProductX,Lost
204031935,ProductX,Lost
685978,ProductX,Lost
325005417,ProductX,Lost
625357392,ProductX,Lost
238758256,ProductX,Lost
571045657,ProductX,Lost
850223,ProductX,Lost
685818037,ProductX,Lost
127167355,ProductX,Sold
347738284,ProductX,Lost
696836912,ProductX,Lost
499722412,ProductX,Lost
681578,ProductX,Sold
443307,ProductX,Lost
568725535,ProductX,Lost
389790145,ProductX,Lost
511422,ProductX,Lost
643546711,ProductX,Lost
41931248,ProductX,Lost
386957998,ProductX,Lost
705697349,ProductX,Lost
693665604,ProductX,Lost
737063,ProductX,Lost
650161862,ProductX,Lost
599748123,ProductX,Sold
636293827,ProductX,Sold
811216,ProductX,Lost
460203,ProductX,Lost
673513191,ProductX,Sold
681541119,ProductX,Sold
520742680,ProductX,Sold
57022540,ProductX,Lost
674504330,ProductX,Sold
619153602,ProductX,Lost
508489037,ProductX,Lost
551820090,ProductX,Lost
635827579,ProductX,Sold
446710049,ProductX,Lost
684792705,ProductX,Lost
537851248,ProductX,Lost
508494188,ProductX,Lost
406862818,ProductX,Lost
671323621,ProductX,Sold
510941364,ProductX,Lost
792195,ProductX,Lost
439756900,ProductX,Lost
555098,ProductX,Lost
503120825,ProductX,Sold
327065890,ProductX,Lost
154847168,ProductX,Lost
59388385,ProductX,Sold
833194,ProductX,Sold
180544875,ProductX,Lost
502385059,ProductX,Lost
517095928,ProductX,Lost
333490653,ProductX,Lost
538952188,ProductX,Sold
609793,ProductX,Lost
722683,ProductX,Lost
660105516,ProductX,Lost
578782,ProductX,Lost
740396,ProductX,Lost
633586760,ProductX,Sold
491015344,ProductX,Lost
649861756,ProductX,Lost
430312919,ProductX,Lost
505678686,ProductX,Lost
777255,ProductX,Lost
252573204,ProductX,Sold
645252,ProductX,Lost
646116,ProductX,Lost
678324,ProductX,Lost
40816229,ProductX,Lost
409139799,ProductX,Lost
645553829,ProductX,Lost
477413149,ProductX,Lost
649598197,ProductX,Lost
707683659,ProductX,Sold
800422,ProductX,Lost
643242681,ProductX,Lost
657414940,ProductX,Lost
681421355,ProductX,Lost
141473078,ProductX,Lost
613328,ProductX,Lost
652872594,ProductX,Sold
498112,ProductX,Lost
441091638,ProductX,Lost
401546873,ProductX,Lost
615215798,ProductX,Sold
396019880,ProductX,Lost
746236,ProductX,Lost
558132357,ProductX,Lost
521147,ProductX,Lost
388165752,ProductX,Lost
568936,ProductX,Lost
460775,ProductX,Lost
494213,ProductX,Lost
618932269,ProductX,Lost
793654,ProductX,Lost
689477473,ProductX,Lost
380042321,ProductX,Lost
629908,ProductX,Lost
628817507,ProductX,Lost
419196820,ProductX,Lost
162196307,ProductX,Lost
707283600,ProductX,Sold
744510,ProductX,Lost
502235,ProductX,Lost
631812321,ProductX,Sold
281791619,ProductX,Lost
322212724,ProductX,Sold
616853946,ProductX,Sold
627109705,ProductX,Lost
566534330,ProductX,Lost
624267645,ProductX,Lost
644799,ProductX,Lost
403882754,ProductX,Sold
247458008,ProductX,Lost
387514413,ProductX,Lost
278441141,ProductX,Lost
615451215,ProductX,Lost
553714032,ProductX,Sold
632416847,ProductX,Lost
826346,ProductX,Lost
683947237,ProductX,Sold
595594738,ProductX,Sold
741692,ProductX,Lost
448036306,ProductX,Lost
625517562,ProductX,Sold
805666,ProductX,Lost
633553793,ProductX,Lost
469082,ProductX,Lost
555852227,ProductX,Sold
663021154,ProductX,Sold
419346503,ProductX,Lost
450691792,ProductX,Lost
537295618,ProductX,Sold
784903,ProductX,Lost
726744,ProductX,Lost
602041789,ProductX,Lost
669123651,ProductX,Lost
702840316,ProductX,Lost
616650812,ProductX,Lost
221621175,ProductX,Lost
38912452,ProductX,Lost
816842,ProductX,Lost
733686,ProductX,Lost
384218270,ProductX,Lost
709741368,ProductX,Sold
509303,ProductX,Sold
457868,ProductX,Lost
705741412,ProductX,Sold
601102681,ProductX,Sold
311171444,ProductX,Sold
469266815,ProductX,Lost
533335055,ProductX,Lost
497679024,ProductX,Lost
710297118,ProductX,Sold
867423,ProductX,Lost
596663728,ProductX,Lost
251905483,ProductX,Lost
561357,ProductX,Lost
610439545,ProductX,Lost
335753989,ProductX,Sold
148458069,ProductX,Sold
613524535,ProductX,Sold
232928318,ProductX,Lost
709356470,ProductX,Lost
614480,ProductX,Lost
564886716,ProductX,Sold
655025,ProductX,Lost
617962,ProductX,Lost
644902132,ProductX,Sold
523771748,ProductX,Sold
632065,ProductX,Lost
593759429,ProductX,Sold
625570069,ProductX,Sold
628171863,ProductX,Lost
650414576,ProductX,Lost
677678,ProductX,Lost
372525920,ProductX,Lost
463875917,ProductX,Lost
616083630,ProductX,Lost
90752670,ProductX,Lost
622867017,ProductX,Lost
541248316,ProductX,Lost
570578107,ProductX,Lost
674570786,ProductX,Lost
31336983,ProductX,Lost
686193165,ProductX,Lost
400908789,ProductX,Lost
650278016,ProductX,Lost
381539914,ProductX,Sold
709777193,ProductX,Sold
248367756,ProductX,Sold
595780000,ProductX,Lost
626355,ProductX,Lost
509685,ProductX,Lost
451301,ProductX,Lost
50269871,ProductX,Lost
557136273,ProductX,Sold
227762593,ProductX,Lost
595987,ProductX,Lost
685674575,ProductX,Sold
621348631,ProductX,Sold
615442735,ProductX,Lost
421965271,ProductX,Lost
289899684,ProductX,Lost
584210463,ProductX,Lost
72165680,ProductX,Lost
557584,ProductX,Lost
834909,ProductX,Sold
785863,ProductX,Lost
335886977,ProductX,Lost
621431578,ProductX,Lost
632613508,ProductX,Sold
90866494,ProductX,Lost
488878,ProductX,Lost
445116,ProductX,Lost
692113,ProductX,Lost
552918926,ProductX,Sold
638222,ProductX,Lost
316545446,ProductX,Lost
650449044,ProductX,Lost
495093697,ProductX,Lost
666814,ProductX,Lost
568135210,ProductX,Lost
603270237,ProductX,Lost
307269739,ProductX,Lost
539657,ProductX,Lost
669524710,ProductX,Lost
269934950,ProductX,Lost
471027155,ProductX,Lost
726303,ProductX,Lost
514190311,ProductX,Lost
277524174,ProductX,Lost
226962662,ProductX,Lost
654892629,ProductX,Sold
868189,ProductX,Lost
475369041,ProductX,Lost
614585,ProductX,Lost
789563,ProductX,Lost
454754760,ProductX,Lost
575536,ProductX,Lost
692188122,ProductX,Lost
705704890,ProductX,Lost
482648,ProductX,Lost
598789148,ProductX,Lost
660090679,ProductX,Lost
450722852,ProductX,Lost
830110,ProductX,Lost
589666117,ProductX,Lost
681612,ProductX,Lost
304473490,ProductX,Lost
510055159,ProductX,Lost
598607130,ProductX,Lost
384481158,ProductX,Lost
664546301,ProductX,Lost
340370345,ProductX,Lost
485788506,ProductX,Lost
13369688,ProductX,Lost
466957,ProductX,Lost
372184776,ProductX,Lost
573095552,ProductX,Lost
672913248,ProductX,Lost
771367,ProductX,Sold
692082844,ProductX,Lost
631483,ProductX,Lost
620849,ProductX,Lost
679167317,ProductX,Lost
598862835,ProductX,Lost
614197,ProductX,Lost
686766,ProductX,Lost
684148678,ProductX,Sold
482008171,ProductX,Lost
458696582,ProductX,Lost
607075608,ProductX,Lost
507737086,ProductX,Sold
738006,ProductX,Lost
547659,ProductX,Lost
589571405,ProductX,Sold
216152457,ProductX,Lost
675355,ProductX,Lost
194254797,ProductX,Lost
616334,ProductX,Lost
677774436,ProductX,Sold
566647606,ProductX,Sold
96035496,ProductX,Lost
685963873,ProductX,Sold
388286758,ProductX,Lost
817277,ProductX,Lost
708148,ProductX,Lost
238049846,ProductX,Lost
271070420,ProductX,Lost
832418,ProductX,Lost
555049191,ProductX,Sold
632467,ProductX,Lost
613397915,ProductX,Lost
650585313,ProductX,Sold
192135418,ProductX,Lost
835777,ProductX,Lost
494038605,ProductX,Lost
562684623,ProductX,Sold
702670,ProductX,Lost
512122266,ProductX,Lost
693669513,ProductX,Sold
673951,ProductX,Lost
623900,ProductX,Lost
671925,ProductX,Lost
657715222,ProductX,Lost
225619882,ProductX,Lost
582678622,ProductX,Sold
333810942,ProductX,Lost
635699,ProductX,Lost
701446,ProductX,Lost
516617,ProductX,Lost
666920277,ProductX,Lost
517549,ProductX,Sold
608535,ProductX,Lost
164309810,ProductX,Lost
561105,ProductX,Lost
650278015,ProductX,Sold
279528343,ProductX,Lost
707059161,ProductX,Lost
323112577,ProductX,Lost
527815,ProductX,Lost
615752070,ProductX,Sold
315876300,ProductX,Lost
497493973,ProductX,Lost
689765131,ProductX,Lost
53388045,ProductX,Lost
836557,ProductX,Sold
614447959,ProductX,Sold
622875413,ProductX,Sold
590542345,ProductX,Lost
808337,ProductX,Lost
644607,ProductX,Lost
378938110,ProductX,Lost
225710512,ProductX,Lost
486716592,ProductX,Lost
703331291,ProductX,Sold
334985602,ProductX,Lost
812713,ProductX,Lost
340233864,ProductX,Lost
382298003,ProductX,Lost
624335783,ProductX,Sold
696404069,ProductX,Lost
630653950,ProductX,Lost
559247449,ProductX,Sold
608322867,ProductX,Lost
344070719,ProductX,Sold
267477338,ProductX,Lost
667075659,ProductX,Lost
808961,ProductX,Lost
640887351,ProductX,Sold
593560055,ProductX,Lost
474443342,ProductX,Lost
150636866,ProductX,Lost
464638,ProductX,Lost
554686192,ProductX,Lost
82258350,ProductX,Lost
49888061,ProductX,Lost
591129983,ProductX,Sold
450790430,ProductX,Lost
703489,ProductX,Lost
688690,ProductX,Lost
196823183,ProductX,Lost
684153112,ProductX,Lost
89039266,ProductX,Lost
195696983,ProductX,Lost
180463108,ProductX,Lost
590371050,ProductX,Sold
113513370,ProductX,Sold
614308556,ProductX,Sold
437263271,ProductX,Lost
67022826,ProductX,Lost
621473599,ProductX,Lost
433589556,ProductX,Lost
619840378,ProductX,Sold
470319650,ProductX,Lost
625434419,ProductX,Sold
630242,ProductX,Lost
495103040,ProductX,Lost
344172020,ProductX,Lost
625288,ProductX,Lost
532903079,ProductX,Lost
403691326,ProductX,Sold
617425,ProductX,Lost
631544839,ProductX,Lost
193288192,ProductX,Lost
669117,ProductX,Lost
471772747,ProductX,Lost
751487,ProductX,Lost
534928,ProductX,Lost
699492,ProductX,Sold
570643,ProductX,Lost
709950,ProductX,Sold
743627,ProductX,Lost
374250163,ProductX,Lost
614292717,ProductX,Sold
815265,ProductX,Lost
562761468,ProductX,Lost
356127819,ProductX,Lost
694366482,ProductX,Sold
629284607,ProductX,Lost
624328608,ProductX,Sold
624700971,ProductX,Sold
76842598,ProductX,Lost
631618318,ProductX,Lost
386674839,ProductX,Lost
714235,ProductX,Lost
571198,ProductX,Lost
422094584,ProductX,Lost
656197209,ProductX,Sold
60336240,ProductX,Lost
479139382,ProductX,Sold
509715683,ProductX,Lost
536498146,ProductX,Sold
557961742,ProductX,Lost
662293460,ProductX,Sold
200859968,ProductX,Sold
371354648,ProductX,Lost
539531918,ProductX,Lost
279732714,ProductX,Lost
362063534,ProductX,Lost
646495,ProductX,Lost
696482145,ProductX,Lost
539659,ProductX,Lost
708179714,ProductX,Lost
685762017,ProductX,Sold
658690363,ProductX,Lost
120057157,ProductX,Lost
338201952,ProductX,Lost
414620441,ProductX,Lost
656263612,ProductX,Sold
550688011,ProductX,Sold
620387411,ProductX,Lost
601291,ProductX,Lost
142049518,ProductX,Lost
650661223,ProductX,Lost
151499840,ProductX,Lost
702418902,ProductX,Lost
597250,ProductX,Lost
618904,ProductX,Lost
148582349,ProductX,Lost
497231,ProductX,Sold
566825096,ProductX,Lost
689811437,ProductX,Sold
259358877,ProductX,Sold
650278027,ProductX,Sold
195701499,ProductX,Lost
614307168,ProductX,Sold
556316,ProductX,Lost
638379048,ProductX,Lost
664525181,ProductX,Lost
170750062,ProductX,Lost
56190667,ProductX,Lost
676670105,ProductX,Sold
814911,ProductX,Sold
563780,ProductX,Lost
653271,ProductX,Lost
834694,ProductX,Lost
448765609,ProductX,Lost
452167,ProductX,Lost
804773,ProductX,Lost
626792773,ProductX,Lost
85366979,ProductX,Lost
174508526,ProductX,Lost
639578270,ProductX,Sold
273123084,ProductX,Lost
650842,ProductX,Lost
593959984,ProductX,Lost
572405,ProductX,Lost
278855339,ProductX,Sold
499253826,ProductX,Lost
744498,ProductX,Lost
552683438,ProductX,Sold
621159444,ProductX,Sold
568581704,ProductX,Sold
809185,ProductX,Lost
416686753,ProductX,Lost
548019375,ProductX,Lost
691240703,ProductX,Sold
449057024,ProductX,Lost
714147785,ProductX,Lost
414786589,ProductX,Lost
568871910,ProductX,Lost
536212438,ProductX,Lost
498283,ProductX,Lost
507684399,ProductX,Lost
587401425,ProductX,Lost
387200580,ProductX,Lost
288690861,ProductX,Lost
868678,ProductX,Lost
595505574,ProductX,Lost
333769769,ProductX,Lost
469729,ProductX,Lost
271197635,ProductX,Lost
481294704,ProductX,Lost
618291,ProductX,Sold
591812783,ProductX,Lost
409857008,ProductX,Sold
533003995,ProductX,Lost
696019387,ProductX,Sold
587208910,ProductX,Sold
732538,ProductX,Lost
747251,ProductX,Lost
603468554,ProductX,Lost
675009031,ProductX,Lost
432647309,ProductX,Lost
824297,ProductX,Lost
605859380,ProductX,Lost
566979255,ProductX,Lost
289876152,ProductX,Lost
216252307,ProductX,Lost
646067,ProductX,Lost
569480,ProductX,Lost
543278,ProductX,Sold
676060,ProductX,Lost
237198914,ProductX,Lost
530485829,ProductX,Lost
507966704,ProductX,Lost
714452,ProductX,Lost
445918,ProductX,Lost
417307645,ProductX,Lost
629560,ProductX,Lost
492855479,ProductX,Lost
697793113,ProductX,Lost
518302694,ProductX,Lost
625546,ProductX,Lost
609182729,ProductX,Lost
378275379,ProductX,Lost
399133013,ProductX,Lost
275323636,ProductX,Lost
622627212,ProductX,Sold
308388075,ProductX,Lost
75849723,ProductX,Lost
339433458,ProductX,Lost
697512001,ProductX,Sold
11401117,ProductX,Lost
639826,ProductX,Lost
471872590,ProductX,Sold
327177394,ProductX,Sold
642998842,ProductX,Lost
700567245,ProductX,Lost
650278182,ProductX,Sold
662277580,ProductX,Lost
673287508,ProductX,Sold
274514378,ProductX,Lost
634074174,ProductX,Sold
409593633,ProductX,Lost
581352,ProductX,Lost
289895841,ProductX,Lost
536724,ProductX,Sold
38164297,ProductX,Lost
666768513,ProductX,Sold
605638,ProductX,Lost
869177,ProductX,Sold
204650760,ProductX,Sold
788414,ProductX,Lost
318808283,ProductX,Lost
626870557,ProductX,Lost
542343391,ProductX,Lost
572298129,ProductX,Lost
666626367,ProductX,Lost
127340535,ProductX,Sold
833999,ProductX,Lost
636300593,ProductX,Lost
793008,ProductX,Lost
312205230,ProductX,Lost
631110,ProductX,Lost
655894,ProductX,Lost
579866580,ProductX,Lost
550941464,ProductX,Lost
598536,ProductX,Sold
458517,ProductX,Lost
237060519,ProductX,Lost
341136855,ProductX,Lost
69278242,ProductX,Lost
613503405,ProductX,Lost
600972070,ProductX,Sold
598936126,ProductX,Lost
650277980,ProductX,Sold
587352,ProductX,Sold
624794829,ProductX,Sold
710489054,ProductX,Lost
286499914,ProductX,Lost
533576340,ProductX,Lost
661283062,ProductX,Lost
520493535,ProductX,Sold
683811449,ProductX,Sold
541011716,ProductX,Lost
694064162,ProductX,Sold
396941562,ProductX,Lost
656475459,ProductX,Lost
700934521,ProductX,Lost
672528405,ProductX,Sold
588271,ProductX,Lost
698540,ProductX,Lost
866458,ProductX,Lost
676772817,ProductX,Sold
594153142,ProductX,Sold
586851,ProductX,Lost
543863771,ProductX,Lost
120823879,ProductX,Sold
40709315,ProductX,Lost
380183730,ProductX,Lost
628652670,ProductX,Sold
650278018,ProductX,Lost
557204262,ProductX,Lost
703436067,ProductX,Sold
706859,ProductX,Lost
655163396,ProductX,Lost
405984447,ProductX,Lost
151601560,ProductX,Lost
674353666,ProductX,Sold
561155,ProductX,Lost
535625491,ProductX,Lost
193062945,ProductX,Lost
496710039,ProductX,Lost
621564516,ProductX,Lost
81971065,ProductX,Lost
65971912,ProductX,Sold
625419487,ProductX,Lost
718080,ProductX,Lost
660863503,ProductX,Lost
425867958,ProductX,Lost
75116442,ProductX,Lost
664319,ProductX,Lost
518269776,ProductX,Lost
649138533,ProductX,Lost
627418,ProductX,Sold
547493,ProductX,Lost
285865227,ProductX,Lost
389865442,ProductX,Lost
530416,ProductX,Lost
630757,ProductX,Lost
528259,ProductX,Lost
732147,ProductX,Lost
635796,ProductX,Lost
724616,ProductX,Lost
492003,ProductX,Lost
686870303,ProductX,Lost
522358,ProductX,Sold
345490214,ProductX,Lost
707721933,ProductX,Sold
673474321,ProductX,Sold
573591745,ProductX,Lost
212932641,ProductX,Lost
682440438,ProductX,Lost
640979265,ProductX,Lost
614437723,ProductX,Sold
363744070,ProductX,Lost
740718,ProductX,Lost
648635,ProductX,Sold
712456,ProductX,Lost
389716959,ProductX,Lost
40714529,ProductX,Lost
483025,ProductX,Lost
702694363,ProductX,Lost
650536795,ProductX,Lost
58694078,ProductX,Lost
595749073,ProductX,Sold
650035973,ProductX,Sold
738706,ProductX,Lost
513218493,ProductX,Lost
483776154,ProductX,Lost
622953975,ProductX,Sold
448625,ProductX,Lost
459490480,ProductX,Lost
365736061,ProductX,Lost
553994525,ProductX,Lost
398382813,ProductX,Lost
282038000,ProductX,Lost
696684322,ProductX,Lost
324045761,ProductX,Lost
305339709,ProductX,Lost
189756686,ProductX,Lost
271243952,ProductX,Sold
318715001,ProductX,Lost
490482182,ProductX,Lost
435640828,ProductX,Lost
37895595,ProductX,Lost
693130665,ProductX,Lost
654625739,ProductX,Lost
659148943,ProductX,Lost
528384,ProductX,Lost
606110128,ProductX,Sold
43402093,ProductX,Lost
243744977,ProductX,Lost
527744162,ProductX,Lost
606057343,ProductX,Sold
250729715,ProductX,Lost
672320,ProductX,Lost
58445800,ProductX,Lost
625745982,ProductX,Lost
613265641,ProductX,Lost
791036,ProductX,Lost
682912249,ProductX,Lost
514829189,ProductX,Lost
272151665,ProductX,Lost
85568069,ProductX,Lost
315389094,ProductX,Lost
596124209,ProductX,Lost
279849765,ProductX,Lost
242790524,ProductX,Lost
639495505,ProductX,Sold
33099310,ProductX,Lost
705624204,ProductX,Lost
65727060,ProductX,Lost
754292,ProductX,Lost
266343060,ProductX,Lost
535467154,ProductX,Lost
603758500,ProductX,Lost
659696,ProductX,Lost
361919246,ProductX,Lost
612164263,ProductX,Sold
695445652,ProductX,Sold
242600174,ProductX,Lost
589287,ProductX,Lost
272311506,ProductX,Lost
176703564,ProductX,Lost
511670611,ProductX,Lost
462419,ProductX,Lost
516975419,ProductX,Lost
417417633,ProductX,Lost
482543260,ProductX,Lost
13022951,ProductX,Lost
854481,ProductX,Lost
567953188,ProductX,Lost
515901723,ProductX,Lost
688511902,ProductX,Lost
600308,ProductX,Lost
558187,ProductX,Lost
714498,ProductX,Sold
729634,ProductX,Lost
650507483,ProductX,Sold
785728,ProductX,Lost
216355035,ProductX,Lost
741587,ProductX,Lost
569020708,ProductX,Sold
462093715,ProductX,Lost
355900241,ProductX,Lost
619143,ProductX,Lost
575879091,ProductX,Lost
394180531,ProductX,Lost
305090730,ProductX,Lost
466518,ProductX,Lost
738675,ProductX,Lost
675725,ProductX,Lost
396906912,ProductX,Lost
646491,ProductX,Lost
555505,ProductX,Lost
597230,ProductX,Lost
566305,ProductX,Lost
615415402,ProductX,Sold
488478,ProductX,Lost
619065534,ProductX,Lost
450056428,ProductX,Lost
477106204,ProductX,Lost
34653839,ProductX,Lost
415082565,ProductX,Lost
869427,ProductX,Lost
705724910,ProductX,Sold
731679,ProductX,Lost
141328224,ProductX,Lost
414332766,ProductX,Lost
32126717,ProductX,Lost
593349,ProductX,Lost
776378,ProductX,Lost
650387419,ProductX,Lost
814481,ProductX,Sold
426760489,ProductX,Lost
625665279,ProductX,Lost
677180979,ProductX,Lost
715467,ProductX,Lost
279217721,ProductX,Lost
162330223,ProductX,Lost
693665,ProductX,Lost
627007556,ProductX,Sold
378118540,ProductX,Lost
838864,ProductX,Sold
189181379,ProductX,Lost
433506747,ProductX,Lost
365708941,ProductX,Lost
718364,ProductX,Lost
549569,ProductX,Sold
391109936,ProductX,Sold
844129,ProductX,Lost
597393815,ProductX,Lost
783314,ProductX,Lost
611822512,ProductX,Sold
440628168,ProductX,Sold
603560488,ProductX,Lost
355259422,ProductX,Lost
601444977,ProductX,Sold
196384160,ProductX,Lost
794408,ProductX,Lost
803519,ProductX,Lost
804110,ProductX,Sold
553008810,ProductX,Lost
575014439,ProductX,Lost
454581974,ProductX,Lost
353428339,ProductX,Lost
709879,ProductX,Lost
588581843,ProductX,Lost
474173,ProductX,Lost
271922959,ProductX,Lost
519264941,ProductX,Sold
320071946,ProductX,Lost
654618572,ProductX,Sold
832867,ProductX,Sold
689896,ProductX,Lost
728740,ProductX,Lost
644900135,ProductX,Sold
713232,ProductX,Lost
703318987,ProductX,Sold
486186,ProductX,Lost
325699063,ProductX,Lost
533979,ProductX,Lost
525973709,ProductX,Sold
686788,ProductX,Lost
469068,ProductX,Lost
323081068,ProductX,Lost
50204182,ProductX,Lost
456909535,ProductX,Lost
526331306,ProductX,Lost
323342615,ProductX,Sold
603863,ProductX,Lost
257480156,ProductX,Lost
637466,ProductX,Lost
596229607,ProductX,Lost
833227,ProductX,Lost
766487,ProductX,Lost
44421092,ProductX,Lost
571566375,ProductX,Sold
623975116,ProductX,Sold
634995507,ProductX,Lost
6381454,ProductX,Lost
455521627,ProductX,Lost
96239984,ProductX,Lost
537562156,ProductX,Lost
788353,ProductX,Sold
840479,ProductX,Lost
608417424,ProductX,Lost
279096057,ProductX,Lost
451788560,ProductX,Lost
256237171,ProductX,Sold
648814,ProductX,Lost
650278006,ProductX,Lost
632763686,ProductX,Sold
569078593,ProductX,Lost
309753924,ProductX,Lost
647475,ProductX,Lost
48849161,ProductX,Sold
528375577,ProductX,Lost
81834119,ProductX,Lost
429034828,ProductX,Lost
820092,ProductX,Lost
478643539,ProductX,Sold
33961081,ProductX,Sold
341550308,ProductX,Lost
510187032,ProductX,Lost
836555,ProductX,Lost
250963809,ProductX,Lost
536463540,ProductX,Lost
302206732,ProductX,Sold
491071,ProductX,Lost
225360381,ProductX,Lost
95088901,ProductX,Lost
513800015,ProductX,Lost
617268,ProductX,Sold
674350456,ProductX,Lost
565209273,ProductX,Lost
519197830,ProductX,Lost
617954,ProductX,Lost
736244,ProductX,Lost
552231,ProductX,Lost
677421685,ProductX,Sold
381593102,ProductX,Lost
378819052,ProductX,Lost
628720905,ProductX,Lost
457885477,ProductX,Lost
281877463,ProductX,Lost
483478,ProductX,Lost
377656858,ProductX,Lost
650591541,ProductX,Sold
489566,ProductX,Lost
605523523,ProductX,Lost
481774457,ProductX,Lost
515708,ProductX,Lost
510125,ProductX,Lost
802687,ProductX,Lost
642633,ProductX,Lost
357724419,ProductX,Lost
570419,ProductX,Lost
686676509,ProductX,Sold
640242,ProductX,Lost
556824,ProductX,Lost
566443,ProductX,Sold
429827357,ProductX,Lost
569871,ProductX,Sold
206413377,ProductX,Lost
613451368,ProductX,Sold
549169969,ProductX,Sold
542379102,ProductX,Lost
630573413,ProductX,Lost
701005,ProductX,Lost
546680582,ProductX,Lost
462866,ProductX,Lost
784955,ProductX,Lost
320484542,ProductX,Lost
631217348,ProductX,Lost
583059,ProductX,Lost
604317,ProductX,Lost
272220939,ProductX,Lost
686202,ProductX,Lost
575311668,ProductX,Sold
209924398,ProductX,Lost
181172193,ProductX,Lost
714703,ProductX,Lost
607457,ProductX,Lost
618498890,ProductX,Lost
56930152,ProductX,Lost
659740794,ProductX,Sold
705750765,ProductX,Lost
646752172,ProductX,Sold
125801819,ProductX,Sold
809777,ProductX,Lost
550940,ProductX,Lost
341685668,ProductX,Lost
710892748,ProductX,Lost
664501975,ProductX,Lost
495108484,ProductX,Lost
538791519,ProductX,Sold
638397,ProductX,Lost
620457208,ProductX,Lost
562231891,ProductX,Lost
828166,ProductX,Lost
575566646,ProductX,Lost
724640,ProductX,Lost
783663,ProductX,Lost
548287232,ProductX,Sold
574367,ProductX,Lost
514763818,ProductX,Lost
676764006,ProductX,Sold
649545340,ProductX,Lost
558522,ProductX,Lost
530407767,ProductX,Lost
498100,ProductX,Lost
499433,ProductX,Lost
473320874,ProductX,Sold
472810096,ProductX,Lost
657710296,ProductX,Sold
686062331,ProductX,Lost
562978,ProductX,Sold
537842822,ProductX,Lost
571178563,ProductX,Lost
765076,ProductX,Lost
650278052,ProductX,Lost
518835,ProductX,Lost
385278142,ProductX,Lost
615304354,ProductX,Lost
245394833,ProductX,Lost
705619202,ProductX,Lost
711548301,ProductX,Lost
211726696,ProductX,Lost
609261814,ProductX,Lost
614378780,ProductX,Sold
366187298,ProductX,Lost
394666294,ProductX,Lost
79185486,ProductX,Lost
651457000,ProductX,Lost
480849,ProductX,Lost
322056435,ProductX,Lost
703628489,ProductX,Lost
612845,ProductX,Lost
705534504,ProductX,Lost
608638,ProductX,Lost
258813017,ProductX,Lost
623835,ProductX,Lost
576299517,ProductX,Lost
659878434,ProductX,Lost
331537687,ProductX,Lost
589653536,ProductX,Sold
578464911,ProductX,Lost
44609222,ProductX,Lost
654116834,ProductX,Lost
693114599,ProductX,Lost
599712637,ProductX,Lost
462358708,ProductX,Sold
614550883,ProductX,Sold
526371576,ProductX,Sold
388593751,ProductX,Sold
524585134,ProductX,Lost
335813380,ProductX,Sold
612682,ProductX,Sold
375654455,ProductX,Lost
435118287,ProductX,Lost
755263,ProductX,Lost
585197590,ProductX,Lost
373401628,ProductX,Lost
680656772,ProductX,Lost
470928560,ProductX,Lost
401554104,ProductX,Lost
616632805,ProductX,Sold
663954490,ProductX,Lost
665652,ProductX,Lost
496683853,ProductX,Lost
593382,ProductX,Lost
512804,ProductX,Lost
605200,ProductX,Lost
670227885,ProductX,Lost
625971803,ProductX,Lost
635660105,ProductX,Lost
743633,ProductX,Lost
695569475,ProductX,Sold
497757284,ProductX,Lost
567825120,ProductX,Sold
628715542,ProductX,Sold
639467549,ProductX,Sold
442108445,ProductX,Lost
687073261,ProductX,Lost
687414100,ProductX,Sold
714493,ProductX,Lost
550879,ProductX,Lost
844242,ProductX,Lost
629480083,ProductX,Lost
504916526,ProductX,Sold
470829335,ProductX,Lost
587323900,ProductX,Lost
657414,ProductX,Sold
821677,ProductX,Lost
309698344,ProductX,Lost
507954,ProductX,Lost
702544769,ProductX,Lost
456189168,ProductX,Lost
546751,ProductX,Lost
173858427,ProductX,Lost
550131,ProductX,Sold
605100751,ProductX,Sold
557056343,ProductX,Lost
347071859,ProductX,Lost
842988,ProductX,Lost
492872,ProductX,Sold
602547,ProductX,Lost
23274717,ProductX,Lost
172334987,ProductX,Lost
261624831,ProductX,Lost
442901,ProductX,Lost
720431,ProductX,Lost
460055667,ProductX,Lost
732103,ProductX,Lost
533050,ProductX,Sold
443278349,ProductX,Lost
528662241,ProductX,Lost
868195,ProductX,Lost
335916411,ProductX,Lost
653749,ProductX,Lost
369177514,ProductX,Lost
364553008,ProductX,Lost
55696821,ProductX,Lost
37866852,ProductX,Lost
615088317,ProductX,Lost
439849264,ProductX,Lost
564702667,ProductX,Lost
408372579,ProductX,Lost
689587462,ProductX,Sold
628408546,ProductX,Lost
513780,ProductX,Lost
585397651,ProductX,Lost
644370771,ProductX,Lost
584776,ProductX,Lost
304369429,ProductX,Sold
764958,ProductX,Lost
361744503,ProductX,Lost
869048,ProductX,Lost
650278191,ProductX,Sold
182826520,ProductX,Lost
531620847,ProductX,Lost
646688,ProductX,Lost
315353610,ProductX,Sold
676874809,ProductX,Sold
854029,ProductX,Sold
19508311,ProductX,Lost
586326966,ProductX,Lost
602965654,ProductX,Sold
535543100,ProductX,Sold
645667,ProductX,Lost
323023995,ProductX,Lost
186446090,ProductX,Lost
732109,ProductX,Lost
588320230,ProductX,Lost
222540499,ProductX,Lost
570517650,ProductX,Lost
564544,ProductX,Lost
521736,ProductX,Lost
608289668,ProductX,Lost
149856549,ProductX,Lost
729962,ProductX,Lost
607770,ProductX,Lost
449041,ProductX,Lost
634853,ProductX,Lost
339825397,ProductX,Sold
743698,ProductX,Lost
434424060,ProductX,Sold
586524750,ProductX,Sold
666380,ProductX,Sold
378615193,ProductX,Sold
546649,ProductX,Lost
530023663,ProductX,Lost
442239,ProductX,Lost
638278712,ProductX,Lost
437703032,ProductX,Sold
492573,ProductX,Lost
686312449,ProductX,Sold
658779,ProductX,Lost
439257,ProductX,Lost
335618789,ProductX,Lost
622389564,ProductX,Sold
547967480,ProductX,Lost
624513252,ProductX,Sold
631049429,ProductX,Lost
507871448,ProductX,Lost
696480273,ProductX,Sold
686733941,ProductX,Lost
545487563,ProductX,Lost
476325,ProductX,Lost
613098,ProductX,Lost
624511520,ProductX,Sold
616771,ProductX,Lost
868440,ProductX,Lost
551443,ProductX,Lost
324328424,ProductX,Lost
431302187,ProductX,Lost
364633011,ProductX,Lost
570692755,ProductX,Lost
699110,ProductX,Lost
338156194,ProductX,Lost
679236675,ProductX,Lost
527820,ProductX,Lost
428776490,ProductX,Sold
558079873,ProductX,Lost
675302,ProductX,Lost
646905801,ProductX,Lost
433180,ProductX,Lost
461453166,ProductX,Lost
625824524,ProductX,Sold
695727353,ProductX,Sold
44192413,ProductX,Lost
823296,ProductX,Lost
712003239,ProductX,Lost
616514040,ProductX,Sold
564114,ProductX,Lost
618925590,ProductX,Lost
638861732,ProductX,Lost
491216780,ProductX,Lost
155261336,ProductX,Lost
394681295,ProductX,Lost
503132395,ProductX,Lost
673706877,ProductX,Lost
631659510,ProductX,Lost
417370692,ProductX,Lost
625864625,ProductX,Sold
531947,ProductX,Lost
780751,ProductX,Lost
326936625,ProductX,Lost
449085714,ProductX,Sold
703849893,ProductX,Sold
589644972,ProductX,Lost
534112065,ProductX,Lost
507926,ProductX,Lost
691570,ProductX,Lost
580884113,ProductX,Sold
361739311,ProductX,Lost
145724946,ProductX,Sold
459041197,ProductX,Lost
567102591,ProductX,Lost
653467,ProductX,Lost
565928,ProductX,Lost
512050,ProductX,Lost
574935971,ProductX,Sold
272136723,ProductX,Lost
397130352,ProductX,Sold
709433,ProductX,Lost
478624575,ProductX,Sold
639700650,ProductX,Lost
725903,ProductX,Lost
848692,ProductX,Lost
624650557,ProductX,Sold
187474428,ProductX,Lost
205454491,ProductX,Lost
310621237,ProductX,Lost
665560741,ProductX,Lost
564590,ProductX,Lost
661557,ProductX,Lost
791474,ProductX,Lost
181997493,ProductX,Lost
423506916,ProductX,Lost
586854,ProductX,Sold
607970326,ProductX,Lost
469523,ProductX,Lost
566420645,ProductX,Sold
626162584,ProductX,Lost
762164,ProductX,Lost
685004635,ProductX,Lost
827974,ProductX,Lost
628898,ProductX,Lost
774942,ProductX,Lost
770776,ProductX,Lost
481754327,ProductX,Lost
304677213,ProductX,Lost
405906967,ProductX,Lost
394769496,ProductX,Lost
540711,ProductX,Lost
406917417,ProductX,Lost
541789,ProductX,Lost
257257881,ProductX,Lost
195368899,ProductX,Lost
462418,ProductX,Lost
93158322,ProductX,Lost
566635716,ProductX,Lost
391213196,ProductX,Sold
503817123,ProductX,Lost
373219393,ProductX,Lost
482590039,ProductX,Lost
382721045,ProductX,Lost
675928921,ProductX,Sold
711382395,ProductX,Lost
154543230,ProductX,Sold
591024908,ProductX,Sold
518513507,ProductX,Lost
656401666,ProductX,Lost
703381389,ProductX,Sold
650653077,ProductX,Sold
102894216,ProductX,Lost
555524457,ProductX,Lost
650708294,ProductX,Lost
716754,ProductX,Lost
552145,ProductX,Lost
19424337,ProductX,Lost
709428,ProductX,Sold
683035757,ProductX,Sold
406105864,ProductX,Lost
656043545,ProductX,Sold
496262209,ProductX,Lost
452345251,ProductX,Lost
766161,ProductX,Lost
847861,ProductX,Lost
560340017,ProductX,Lost
636297869,ProductX,Lost
535592,ProductX,Lost
550206925,ProductX,Lost
583218740,ProductX,Sold
565154,ProductX,Lost
434963,ProductX,Lost
596652659,ProductX,Lost
684738271,ProductX,Lost
10220837,ProductX,Lost
414189708,ProductX,Lost
442021,ProductX,Lost
113961389,ProductX,Sold
499893920,ProductX,Lost
341652399,ProductX,Lost
353851219,ProductX,Lost
544054,ProductX,Lost
338094589,ProductX,Sold
269965005,ProductX,Lost
758864,ProductX,Lost
685414,ProductX,Lost
685836357,ProductX,Lost
645383,ProductX,Lost
187959169,ProductX,Lost
688873432,ProductX,Lost
703086,ProductX,Lost
615471851,ProductX,Sold
201125481,ProductX,Lost
608229398,ProductX,Lost
651520271,ProductX,Lost
332692325,ProductX,Lost
480045328,ProductX,Sold
395856234,ProductX,Lost
645777742,ProductX,Sold
711648,ProductX,Sold
687870,ProductX,Sold
511774669,ProductX,Lost
365642145,ProductX,Lost
86708529,ProductX,Lost
703960266,ProductX,Lost
545934,ProductX,Lost
171048114,ProductX,Lost
441349726,ProductX,Lost
225317518,ProductX,Lost
568627014,ProductX,Lost
530497,ProductX,Lost
737036,ProductX,Lost
831681,ProductX,Lost
582787177,ProductX,Lost
566996070,ProductX,Lost
119415616,ProductX,Lost
612830,ProductX,Lost
666237,ProductX,Lost
523587233,ProductX,Lost
523285553,ProductX,Sold
701937,ProductX,Lost
570538169,ProductX,Sold
97653177,ProductX,Lost
432585867,ProductX,Lost
558950812,ProductX,Sold
442397,ProductX,Lost
665954900,ProductX,Lost
530781487,ProductX,Lost
327042157,ProductX,Lost
539450948,ProductX,Lost
817600,ProductX,Lost
687262221,ProductX,Lost
298389282,ProductX,Lost
675900237,ProductX,Sold
603498,ProductX,Lost
625745993,ProductX,Sold
606881,ProductX,Lost
693759654,ProductX,Lost
474222,ProductX,Lost
681504,ProductX,Lost
614133663,ProductX,Lost
154215182,ProductX,Lost
554683078,ProductX,Sold
39010118,ProductX,Lost
502265,ProductX,Lost
66544862,ProductX,Lost
219791222,ProductX,Lost
509809667,ProductX,Lost
687394,ProductX,Lost
51167719,ProductX,Lost
40716985,ProductX,Lost
502075575,ProductX,Lost
269806537,ProductX,Lost
595251,ProductX,Lost
676634,ProductX,Lost
834364,ProductX,Lost
103731878,ProductX,Lost
656450621,ProductX,Lost
695442308,ProductX,Lost
428900499,ProductX,Lost
466811528,ProductX,Sold
321705520,ProductX,Lost
645847164,ProductX,Lost
443556,ProductX,Lost
124535613,ProductX,Lost
653992,ProductX,Sold
105832734,ProductX,Lost
383301963,ProductX,Lost
657163,ProductX,Lost
627041503,ProductX,Sold
612020008,ProductX,Lost
297860528,ProductX,Lost
596686355,ProductX,Lost
587976,ProductX,Sold
224726461,ProductX,Lost
832067,ProductX,Lost
402813785,ProductX,Lost
629572,ProductX,Lost
452784589,ProductX,Lost
434959,ProductX,Lost
552936,ProductX,Lost
707414,ProductX,Lost
72259529,ProductX,Lost
504199865,ProductX,Lost
639589,ProductX,Lost
694081,ProductX,Lost
552178,ProductX,Lost
595485,ProductX,Lost
56303364,ProductX,Sold
432660,ProductX,Sold
489432,ProductX,Lost
684777385,ProductX,Lost
698906,ProductX,Lost
508899,ProductX,Lost
478825723,ProductX,Lost
674536223,ProductX,Lost
369047369,ProductX,Lost
442080974,ProductX,Lost
737904,ProductX,Lost
341028489,ProductX,Lost
556754880,ProductX,Sold
649574,ProductX,Lost
589710,ProductX,Sold
723905,ProductX,Lost
308998385,ProductX,Lost
344399353,ProductX,Lost
402552759,ProductX,Sold
218424860,ProductX,Lost
387214165,ProductX,Sold
245912522,ProductX,Lost
809181,ProductX,Lost
740689,ProductX,Lost
65645111,ProductX,Lost
443629935,ProductX,Lost
335785238,ProductX,Lost
506572,ProductX,Lost
686426590,ProductX,Sold
384453287,ProductX,Lost
511855,ProductX,Lost
257410557,ProductX,Lost
614236127,ProductX,Sold
289635315,ProductX,Sold
555402011,ProductX,Lost
615910159,ProductX,Lost
754408,ProductX,Lost
707885118,ProductX,Lost
719816,ProductX,Lost
571015344,ProductX,Lost
230173065,ProductX,Lost
512048,ProductX,Lost
680697432,ProductX,Lost
158851545,ProductX,Lost
435711,ProductX,Sold
700860339,ProductX,Sold
620990304,ProductX,Lost
165239507,ProductX,Lost
339672308,ProductX,Sold
173921280,ProductX,Lost
582064557,ProductX,Lost
403299297,ProductX,Lost
495253052,ProductX,Lost
693780540,ProductX,Lost
306989407,ProductX,Sold
311277467,ProductX,Lost
598603415,ProductX,Sold
436629,ProductX,Lost
106621726,ProductX,Lost
545300,ProductX,Lost
2672089,ProductX,Lost
777884,ProductX,Lost
389854743,ProductX,Lost
416544028,ProductX,Lost
555326490,ProductX,Lost
729233,ProductX,Lost
656127506,ProductX,Sold
648101287,ProductX,Lost
476449565,ProductX,Sold
737889,ProductX,Lost
707953567,ProductX,Lost
682965639,ProductX,Sold
838271,ProductX,Sold
698633859,ProductX,Sold
835923,ProductX,Sold
686009848,ProductX,Lost
264005764,ProductX,Lost
763749,ProductX,Sold
552375952,ProductX,Lost
456833647,ProductX,Lost
410764898,ProductX,Sold
840919,ProductX,Lost
353901449,ProductX,Lost
707733924,ProductX,Lost
252351341,ProductX,Lost
645941712,ProductX,Lost
678476011,ProductX,Lost
709451,ProductX,Lost
622280455,ProductX,Sold
404598257,ProductX,Lost
592054346,ProductX,Sold
510908568,ProductX,Lost
633728,ProductX,Lost
217576069,ProductX,Sold
282192402,ProductX,Lost
489768987,ProductX,Lost
622099331,ProductX,Sold
695495407,ProductX,Sold
433353283,ProductX,Lost
688591395,ProductX,Lost
575779182,ProductX,Lost
46683851,ProductX,Lost
577609704,ProductX,Sold
452897299,ProductX,Lost
497456811,ProductX,Lost
237536048,ProductX,Sold
696593525,ProductX,Lost
628087,ProductX,Lost
685039501,ProductX,Sold
244206178,ProductX,Lost
554585260,ProductX,Lost
160760087,ProductX,Lost
470869,ProductX,Lost
428881578,ProductX,Sold
532131050,ProductX,Lost
603766737,ProductX,Sold
296002787,ProductX,Sold
390938701,ProductX,Lost
629450806,ProductX,Lost
868369,ProductX,Lost
592967,ProductX,Lost
795460,ProductX,Lost
759613,ProductX,Lost
739111,ProductX,Lost
705799327,ProductX,Lost
262652758,ProductX,Lost
274044564,ProductX,Lost
598154841,ProductX,Lost
526814,ProductX,Lost
430859153,ProductX,Lost
461843,ProductX,Lost
559770832,ProductX,Lost
779107,ProductX,Lost
687223587,ProductX,Lost
724220,ProductX,Lost
711172,ProductX,Lost
551211314,ProductX,Sold
670848479,ProductX,Sold
318591873,ProductX,Lost
378097290,ProductX,Lost
767255,ProductX,Lost
448776928,ProductX,Lost
776853,ProductX,Lost
813680,ProductX,Lost
558851990,ProductX,Lost
647609954,ProductX,Lost
579367964,ProductX,Lost
672794400,ProductX,Lost
651450199,ProductX,Lost
650505630,ProductX,Lost
416661260,ProductX,Sold
249395608,ProductX,Lost
710016337,ProductX,Lost
364782928,ProductX,Lost
675879649,ProductX,Sold
532717383,ProductX,Lost
549191,ProductX,Lost
530094,ProductX,Lost
619206,ProductX,Lost
610589873,ProductX,Sold
316438063,ProductX,Lost
375138438,ProductX,Lost
392151471,ProductX,Lost
641203,ProductX,Lost
630199,ProductX,Lost
806445,ProductX,Lost
744095,ProductX,Lost
224005089,ProductX,Lost
154572632,ProductX,Lost
786511,ProductX,Lost
144025108,ProductX,Lost
854014,ProductX,Lost
549294870,ProductX,Lost
650669821,ProductX,Lost
498282616,ProductX,Lost
394108310,ProductX,Lost
196886091,ProductX,Lost
442092031,ProductX,Lost
390914817,ProductX,Lost
691774959,ProductX,Lost
606019688,ProductX,Sold
480982591,ProductX,Lost
590131,ProductX,Lost
576347209,ProductX,Sold
373308411,ProductX,Sold
708152,ProductX,Lost
446672053,ProductX,Lost
283099427,ProductX,Lost
386785884,ProductX,Lost
41075157,ProductX,Lost
573363,ProductX,Lost
694155805,ProductX,Sold
157350265,ProductX,Lost
685000388,ProductX,Lost
578441857,ProductX,Sold
553566,ProductX,Lost
41244536,ProductX,Lost
482568,ProductX,Lost
684698852,ProductX,Lost
533763,ProductX,Sold
817744,ProductX,Lost
272224124,ProductX,Lost
665550131,ProductX,Lost
616182,ProductX,Lost
625765186,ProductX,Lost
659098984,ProductX,Lost
211109263,ProductX,Lost
386455465,ProductX,Lost
615208620,ProductX,Sold
487130285,ProductX,Lost
525979858,ProductX,Lost
489343493,ProductX,Lost
144216858,ProductX,Sold
272306083,ProductX,Sold
661858395,ProductX,Lost
579302538,ProductX,Sold
633859439,ProductX,Sold
723407,ProductX,Lost
466324526,ProductX,Lost
510998,ProductX,Lost
125914121,ProductX,Lost
629238731,ProductX,Lost
582945152,ProductX,Lost
814494,ProductX,Lost
774386,ProductX,Lost
449605,ProductX,Lost
615370,ProductX,Lost
511196005,ProductX,Lost
322299692,ProductX,Lost
87886937,ProductX,Sold
623748122,ProductX,Lost
664905,ProductX,Lost
334885310,ProductX,Lost
174678371,ProductX,Lost
170890835,ProductX,Lost
486452,ProductX,Lost
379118077,ProductX,Lost
28867806,ProductX,Sold
228623384,ProductX,Lost
377017542,ProductX,Sold
710561,ProductX,Lost
596564418,ProductX,Lost
585419007,ProductX,Lost
797029,ProductX,Lost
492435,ProductX,Lost
497257361,ProductX,Lost
655996548,ProductX,Sold
663343240,ProductX,Lost
377086807,ProductX,Sold
712662605,ProductX,Lost
523844798,ProductX,Lost
438441,ProductX,Lost
516636092,ProductX,Lost
708219,ProductX,Lost
54322910,ProductX,Lost
622449229,ProductX,Sold
654777331,ProductX,Lost
643250691,ProductX,Sold
407173976,ProductX,Lost
684134698,ProductX,Lost
596267942,ProductX,Lost
382964817,ProductX,Lost
96660806,ProductX,Lost
675307,ProductX,Lost
584335,ProductX,Lost
499761772,ProductX,Lost
469831920,ProductX,Lost
357803148,ProductX,Lost
684830351,ProductX,Lost
466476,ProductX,Lost
716286,ProductX,Lost
448666,ProductX,Lost
793829,ProductX,Lost
219662894,ProductX,Sold
298306071,ProductX,Lost
137563794,ProductX,Lost
679225196,ProductX,Lost
528639549,ProductX,Lost
544641254,ProductX,Sold
20841668,ProductX,Lost
535232,ProductX,Lost
691627,ProductX,Lost
382942260,ProductX,Lost
626917720,ProductX,Sold
426705122,ProductX,Lost
643389966,ProductX,Lost
482683,ProductX,Lost
173748090,ProductX,Lost
566646240,ProductX,Lost
499843493,ProductX,Sold
369632330,ProductX,Lost
409765142,ProductX,Lost
411582725,ProductX,Lost
682344250,ProductX,Lost
273637435,ProductX,Lost
519246,ProductX,Sold
441968074,ProductX,Lost
241688664,ProductX,Lost
544208,ProductX,Lost
689786288,ProductX,Lost
768548,ProductX,Lost
677287426,ProductX,Lost
726733,ProductX,Lost
483803942,ProductX,Lost
566678,ProductX,Lost
269790205,ProductX,Lost
786127,ProductX,Lost
373739108,ProductX,Lost
558082,ProductX,Lost
555320706,ProductX,Sold
583329565,ProductX,Sold
712668,ProductX,Lost
555803070,ProductX,Lost
289637930,ProductX,Lost
616556072,ProductX,Lost
167025422,ProductX,Lost
510136218,ProductX,Lost
630280,ProductX,Lost
272142878,ProductX,Lost
562680,ProductX,Lost
617690,ProductX,Lost
62865270,ProductX,Sold
704034,ProductX,Lost
833952,ProductX,Lost
694448337,ProductX,Sold
585532,ProductX,Lost
696685188,ProductX,Sold
490632682,ProductX,Lost
158756634,ProductX,Lost
624647,ProductX,Lost
562695704,ProductX,Sold
695913641,ProductX,Sold
312100405,ProductX,Lost
548532515,ProductX,Lost
405863810,ProductX,Lost
498902999,ProductX,Lost
320977958,ProductX,Lost
59619516,ProductX,Lost
536443433,ProductX,Sold
663277583,ProductX,Sold
517844431,ProductX,Lost
171483015,ProductX,Lost
654645145,ProductX,Lost
375699409,ProductX,Sold
390272129,ProductX,Lost
644677728,ProductX,Lost
486923,ProductX,Lost
634005,ProductX,Lost
412174181,ProductX,Sold
201329157,ProductX,Lost
396838633,ProductX,Lost
272160851,ProductX,Lost
594171082,ProductX,Lost
409355123,ProductX,Sold
379280369,ProductX,Lost
668433,ProductX,Lost
649967,ProductX,Lost
666764952,ProductX,Lost
675028964,ProductX,Sold
537797059,ProductX,Lost
201997345,ProductX,Lost
735503,ProductX,Lost
721714,ProductX,Sold
625467815,ProductX,Lost
493146004,ProductX,Lost
598856,ProductX,Lost
684733413,ProductX,Sold
499989,ProductX,Lost
565562350,ProductX,Lost
443512,ProductX,Sold
622568656,ProductX,Sold
601209753,ProductX,Sold
668320190,ProductX,Sold
624635166,ProductX,Sold
516391170,ProductX,Lost
181130474,ProductX,Lost
220014740,ProductX,Lost
545516103,ProductX,Lost
739594,ProductX,Lost
431930928,ProductX,Lost
665188,ProductX,Lost
571736781,ProductX,Lost
541613744,ProductX,Lost
590933986,ProductX,Lost
452345251,ProductX,Lost
547195134,ProductX,Lost
78047259,ProductX,Lost
721771,ProductX,Lost
515712,ProductX,Lost
629172918,ProductX,Lost
537007358,ProductX,Sold
552553086,ProductX,Lost
576992,ProductX,Lost
634683,ProductX,Lost
349237511,ProductX,Lost
668949928,ProductX,Sold
587316301,ProductX,Lost
380006170,ProductX,Lost
629491871,ProductX,Lost
124494929,ProductX,Sold
250922258,ProductX,Lost
436627,ProductX,Lost
702681881,ProductX,Sold
780535,ProductX,Lost
650278281,ProductX,Sold
687390906,ProductX,Sold
545720806,ProductX,Lost
561501982,ProductX,Lost
853246,ProductX,Lost
637619,ProductX,Lost
629154200,ProductX,Lost
599593,ProductX,Lost
814615,ProductX,Lost
492300,ProductX,Lost
539466144,ProductX,Lost
688183852,ProductX,Sold
690441188,ProductX,Lost
631217386,ProductX,Lost
526971133,ProductX,Lost
443329006,ProductX,Lost
812708,ProductX,Lost
698226,ProductX,Lost
591202115,ProductX,Lost
565521566,ProductX,Sold
455567806,ProductX,Lost
566247399,ProductX,Sold
562229,ProductX,Lost
325746460,ProductX,Lost
279798832,ProductX,Lost
439710851,ProductX,Lost
518404303,ProductX,Lost
21515722,ProductX,Lost
144172188,ProductX,Sold
561805,ProductX,Lost
489302,ProductX,Sold
652240831,ProductX,Lost
819261,ProductX,Lost
511115,ProductX,Lost
771018,ProductX,Lost
628084,ProductX,Lost
614258566,ProductX,Sold
801986,ProductX,Lost
813507,ProductX,Lost
589806868,ProductX,Lost
513382405,ProductX,Sold
644442,ProductX,Lost
644211750,ProductX,Sold
755055,ProductX,Sold
424401655,ProductX,Lost
740330,ProductX,Lost
503712,ProductX,Lost
801061,ProductX,Lost
192348233,ProductX,Sold
244103142,ProductX,Lost
504009,ProductX,Lost
853644,ProductX,Sold
693273,ProductX,Sold
587295820,ProductX,Sold
229119341,ProductX,Lost
664168243,ProductX,Lost
448381,ProductX,Lost
599981564,ProductX,Lost
647918083,ProductX,Lost
777914,ProductX,Lost
583323390,ProductX,Lost
679040084,ProductX,Lost
784904,ProductX,Lost
809131,ProductX,Lost
547754140,ProductX,Sold
172436974,ProductX,Lost
177636797,ProductX,Lost
662618,ProductX,Sold
704975,ProductX,Sold
686795286,ProductX,Lost
698978332,ProductX,Lost
676114,ProductX,Lost
599659121,ProductX,Lost
650594375,ProductX,Lost
647222887,ProductX,Sold
159430964,ProductX,Lost
459080647,ProductX,Sold
544087058,ProductX,Lost
368269954,ProductX,Lost
663869,ProductX,Lost
530483745,ProductX,Sold
835859,ProductX,Lost
703729336,ProductX,Lost
482429647,ProductX,Lost
605119,ProductX,Lost
573352,ProductX,Lost
555254,ProductX,Lost
673556689,ProductX,Lost
690485772,ProductX,Lost
577274139,ProductX,Lost
493838008,ProductX,Lost
562341325,ProductX,Lost
650525090,ProductX,Lost
697969902,ProductX,Lost
662438331,ProductX,Sold
319445411,ProductX,Lost
713679,ProductX,Lost
450648,ProductX,Lost
620859745,ProductX,Lost
569043372,ProductX,Lost
632284,ProductX,Lost
555054,ProductX,Lost
187999327,ProductX,Lost
544157159,ProductX,Sold
848680,ProductX,Sold
210037275,ProductX,Lost
320939805,ProductX,Lost
272240611,ProductX,Lost
563612258,ProductX,Lost
586541188,ProductX,Lost
633765,ProductX,Lost
621143223,ProductX,Sold
363856148,ProductX,Sold
554732,ProductX,Lost
774319,ProductX,Lost
439054,ProductX,Lost
853219,ProductX,Lost
220121705,ProductX,Lost
656149683,ProductX,Lost
657512216,ProductX,Sold
656029153,ProductX,Sold
56106873,ProductX,Lost
623981857,ProductX,Lost
536969490,ProductX,Sold
286502082,ProductX,Lost
532219,ProductX,Lost
655133,ProductX,Lost
664606720,ProductX,Lost
361977889,ProductX,Sold
591850796,ProductX,Lost
369559165,ProductX,Lost
492463,ProductX,Lost
474416,ProductX,Lost
281171174,ProductX,Lost
793016,ProductX,Sold
696180,ProductX,Lost
496969,ProductX,Lost
683017873,ProductX,Sold
349375533,ProductX,Lost
692966,ProductX,Sold
119333509,ProductX,Lost
504885149,ProductX,Lost
269331041,ProductX,Sold
558710,ProductX,Lost
698912978,ProductX,Lost
709076,ProductX,Lost
428860953,ProductX,Lost
502910204,ProductX,Lost
585677,ProductX,Lost
585729,ProductX,Lost
643535713,ProductX,Lost
847175,ProductX,Lost
508838923,ProductX,Lost
192995954,ProductX,Lost
580955615,ProductX,Sold
266047225,ProductX,Lost
303138346,ProductX,Sold
513855716,ProductX,Lost
624458150,ProductX,Sold
661849,ProductX,Lost
802360,ProductX,Lost
719957,ProductX,Lost
551709,ProductX,Lost
741141,ProductX,Lost
670701073,ProductX,Lost
517521,ProductX,Lost
631815713,ProductX,Lost
699086,ProductX,Sold
673958,ProductX,Lost
363905660,ProductX,Lost
804403,ProductX,Lost
388786992,ProductX,Lost
307558721,ProductX,Sold
570285262,ProductX,Lost
632727,ProductX,Lost
567796,ProductX,Lost
660092984,ProductX,Lost
279702555,ProductX,Lost
255191477,ProductX,Sold
608003,ProductX,Lost
217107010,ProductX,Lost
482582532,ProductX,Lost
605155974,ProductX,Sold
279449522,ProductX,Lost
34802008,ProductX,Lost
595520,ProductX,Sold
631729108,ProductX,Lost
84369723,ProductX,Lost
226108935,ProductX,Lost
652942167,ProductX,Lost
325796706,ProductX,Lost
698580311,ProductX,Lost
379318322,ProductX,Lost
630870,ProductX,Lost
314369257,ProductX,Lost
661375836,ProductX,Lost
604560401,ProductX,Lost
565646519,ProductX,Lost
261965269,ProductX,Lost
607620101,ProductX,Sold
275249959,ProductX,Lost
717584,ProductX,Lost
161685591,ProductX,Lost
466432101,ProductX,Lost
34394621,ProductX,Lost
84369722,ProductX,Lost
574987306,ProductX,Lost
462052,ProductX,Lost
254176121,ProductX,Sold
218539830,ProductX,Lost
190095321,ProductX,Sold
260703585,ProductX,Lost
844635,ProductX,Sold
62488708,ProductX,Lost
685979176,ProductX,Lost
599004845,ProductX,Lost
148077310,ProductX,Lost
629372,ProductX,Lost
25867643,ProductX,Lost
77798510,ProductX,Sold
229973855,ProductX,Lost
452111289,ProductX,Lost
468325113,ProductX,Lost
597643,ProductX,Lost
717087,ProductX,Lost
538268514,ProductX,Lost
669286,ProductX,Lost
450952615,ProductX,Lost
599132159,ProductX,Sold
602559,ProductX,Lost
662210613,ProductX,Sold
756425,ProductX,Lost
356921191,ProductX,Lost
377724914,ProductX,Lost
491079,ProductX,Lost
695138930,ProductX,Sold
257373773,ProductX,Sold
734803,ProductX,Lost
464236,ProductX,Lost
232639877,ProductX,Lost
699752,ProductX,Lost
583987743,ProductX,Lost
603775778,ProductX,Sold
642845623,ProductX,Lost
419614242,ProductX,Lost
650622931,ProductX,Sold
556771401,ProductX,Lost
38840287,ProductX,Lost
501131201,ProductX,Lost
663440,ProductX,Lost
662396104,ProductX,Sold
644788,ProductX,Lost
688884682,ProductX,Sold
553916,ProductX,Lost
6974826,ProductX,Lost
793012,ProductX,Sold
703199619,ProductX,Sold
809539,ProductX,Lost
369025230,ProductX,Lost
302404576,ProductX,Lost
582765597,ProductX,Lost
537450,ProductX,Lost
699113190,ProductX,Sold
670790890,ProductX,Sold
618817703,ProductX,Sold
356001773,ProductX,Lost
240834380,ProductX,Lost
564724650,ProductX,Lost
678185038,ProductX,Sold
792209,ProductX,Lost
734997,ProductX,Lost
734243,ProductX,Lost
448987533,ProductX,Lost
650525966,ProductX,Sold
264345857,ProductX,Lost
93249248,ProductX,Lost
629292120,ProductX,Lost
582887103,ProductX,Lost
683970291,ProductX,Sold
565181,ProductX,Sold
186588618,ProductX,Lost
37520686,ProductX,Sold
656736534,ProductX,Sold
608373530,ProductX,Sold
407382935,ProductX,Lost
534387,ProductX,Lost
685971445,ProductX,Sold
760885,ProductX,Lost
635457988,ProductX,Lost
670159,ProductX,Lost
616488988,ProductX,Lost
768993,ProductX,Lost
565396535,ProductX,Lost
686391722,ProductX,Lost
624266079,ProductX,Lost
73723741,ProductX,Sold
623982310,ProductX,Lost
701410653,ProductX,Lost
211647563,ProductX,Lost
536308092,ProductX,Sold
626492,ProductX,Lost
496362,ProductX,Lost
806331,ProductX,Lost
693694236,ProductX,Lost
782097,ProductX,Lost
386444073,ProductX,Lost
694451,ProductX,Lost
568339674,ProductX,Lost
527964599,ProductX,Lost
326641520,ProductX,Lost
38506782,ProductX,Lost
607887,ProductX,Lost
498649452,ProductX,Sold
507620054,ProductX,Lost
655254954,ProductX,Lost
612116420,ProductX,Lost
471576,ProductX,Lost
196891584,ProductX,Lost
122323585,ProductX,Lost
561163419,ProductX,Sold
185462610,ProductX,Lost
486159,ProductX,Lost
554706723,ProductX,Lost
537232385,ProductX,Lost
583116240,ProductX,Lost
178095731,ProductX,Lost
54926219,ProductX,Lost
626989467,ProductX,Sold
127123648,ProductX,Lost
588126991,ProductX,Sold
320935401,ProductX,Lost
564599,ProductX,Lost
683038565,ProductX,Lost
698288756,ProductX,Sold
675523482,ProductX,Lost
86276197,ProductX,Lost
496189818,ProductX,Sold
747233,ProductX,Lost
103174387,ProductX,Lost
511763344,ProductX,Lost
557103772,ProductX,Lost
506402,ProductX,Lost
565063109,ProductX,Sold
599998331,ProductX,Lost
517096869,ProductX,Sold
688334093,ProductX,Lost
657511630,ProductX,Lost
516869065,ProductX,Lost
563668196,ProductX,Lost
625688343,ProductX,Lost
571617841,ProductX,Lost
792184,ProductX,Lost
579602,ProductX,Lost
568816355,ProductX,Lost
453176,ProductX,Lost
507473,ProductX,Lost
286282945,ProductX,Lost
614353431,ProductX,Sold
812290,ProductX,Lost
748044,ProductX,Lost
573585579,ProductX,Sold
487712,ProductX,Lost
535524425,ProductX,Sold
709697,ProductX,Sold
469149,ProductX,Lost
703078,ProductX,Lost
525614837,ProductX,Lost
556349,ProductX,Sold
657346610,ProductX,Sold
544504733,ProductX,Lost
567797778,ProductX,Lost
382479044,ProductX,Lost
639940775,ProductX,Lost
729541,ProductX,Lost
455132066,ProductX,Lost
646870175,ProductX,Sold
281832208,ProductX,Lost
583182616,ProductX,Lost
536624,ProductX,Lost
501932159,ProductX,Lost
624729087,ProductX,Sold
497567854,ProductX,Lost
259564035,ProductX,Lost
508883,ProductX,Lost
279195924,ProductX,Sold
581026865,ProductX,Lost
95162605,ProductX,Lost
543534,ProductX,Lost
507531251,ProductX,Lost
868912,ProductX,Lost
621358384,ProductX,Sold
571071728,ProductX,Lost
266432157,ProductX,Lost
558314281,ProductX,Lost
768570,ProductX,Lost
526027574,ProductX,Sold
650867,ProductX,Lost
610325,ProductX,Lost
586975300,ProductX,Lost
613319,ProductX,Lost
610040579,ProductX,Lost
703783398,ProductX,Sold
285099753,ProductX,Lost
387359438,ProductX,Sold
6976154,ProductX,Lost
519234100,ProductX,Lost
439421,ProductX,Lost
320322385,ProductX,Lost
729970,ProductX,Lost
725067,ProductX,Lost
193985177,ProductX,Lost
638115,ProductX,Lost
512520199,ProductX,Lost
691304878,ProductX,Lost
111352216,ProductX,Lost
239139503,ProductX,Lost
784956,ProductX,Lost
283133805,ProductX,Lost
462823,ProductX,Sold
658924403,ProductX,Lost
851420,ProductX,Lost
563553161,ProductX,Lost
657025445,ProductX,Lost
744909,ProductX,Lost
720883,ProductX,Lost
344753305,ProductX,Lost
738058,ProductX,Lost
543722446,ProductX,Sold
711637,ProductX,Lost
630984493,ProductX,Lost
552969015,ProductX,Sold
624662,ProductX,Lost
353993838,ProductX,Lost
604765,ProductX,Lost
591444328,ProductX,Lost
274411810,ProductX,Lost
520770,ProductX,Lost
207606754,ProductX,Sold
9246920,ProductX,Lost
632474,ProductX,Lost
544051,ProductX,Lost
481658159,ProductX,Sold
650277970,ProductX,Sold
852863,ProductX,Lost
801159,ProductX,Lost
559212876,ProductX,Lost
728948,ProductX,Lost
527350,ProductX,Lost
510166416,ProductX,Lost
436265,ProductX,Lost
722033,ProductX,Lost
165149127,ProductX,Lost
198305384,ProductX,Lost
578579,ProductX,Lost
56205181,ProductX,Lost
481029,ProductX,Lost
751389,ProductX,Sold
622702160,ProductX,Sold
663505,ProductX,Lost
695292069,ProductX,Sold
403339877,ProductX,Lost
626949333,ProductX,Lost
686667406,ProductX,Sold
705516176,ProductX,Lost
496673104,ProductX,Lost
479341287,ProductX,Lost
84709878,ProductX,Lost
452927166,ProductX,Lost
776705,ProductX,Lost
705689214,ProductX,Lost
65007005,ProductX,Lost
654157052,ProductX,Lost
700942726,ProductX,Lost
60666134,ProductX,Sold
650278068,ProductX,Lost
776833,ProductX,Lost
560436827,ProductX,Lost
595595614,ProductX,Sold
675169693,ProductX,Lost
535626911,ProductX,Sold
80300862,ProductX,Lost
669444057,ProductX,Lost
690990613,ProductX,Lost
496507303,ProductX,Sold
530922162,ProductX,Lost
624484,ProductX,Lost
623964081,ProductX,Sold
448967031,ProductX,Lost
29552592,ProductX,Lost
610019508,ProductX,Sold
228676329,ProductX,Sold
473967037,ProductX,Sold
671097799,ProductX,Lost
562649998,ProductX,Sold
489273491,ProductX,Lost
565062661,ProductX,Lost
650278210,ProductX,Sold
469940,ProductX,Lost
718833,ProductX,Lost
820684,ProductX,Sold
661409,ProductX,Lost
216240719,ProductX,Lost
174502495,ProductX,Lost
627139845,ProductX,Lost
321061830,ProductX,Lost
342632733,ProductX,Sold
701177,ProductX,Lost
346811299,ProductX,Sold
826347,ProductX,Lost
349232236,ProductX,Sold
682258255,ProductX,Lost
615093500,ProductX,Sold
625311,ProductX,Lost
696631111,ProductX,Lost
665754604,ProductX,Sold
708837351,ProductX,Lost
385177544,ProductX,Lost
661016283,ProductX,Sold
747652,ProductX,Lost
616480822,ProductX,Lost
201062046,ProductX,Lost
668789919,ProductX,Sold
414463802,ProductX,Lost
699959,ProductX,Lost
522965857,ProductX,Lost
624343419,ProductX,Sold
484612,ProductX,Lost
450652984,ProductX,Lost
76707024,ProductX,Lost
506795263,ProductX,Lost
312205238,ProductX,Lost
466451924,ProductX,Lost
451090,ProductX,Lost
453486,ProductX,Lost
577620822,ProductX,Lost
431976,ProductX,Lost
698901423,ProductX,Sold
636119045,ProductX,Lost
610548258,ProductX,Sold
758378,ProductX,Lost
614190485,ProductX,Lost
294072922,ProductX,Lost
601399419,ProductX,Sold
271235355,ProductX,Lost
600523136,ProductX,Lost
470479180,ProductX,Lost
199975677,ProductX,Lost
510796960,ProductX,Lost
653904678,ProductX,Lost
302032589,ProductX,Lost
677989478,ProductX,Sold
574930,ProductX,Lost
269820646,ProductX,Lost
536815460,ProductX,Sold
603471514,ProductX,Lost
633075444,ProductX,Lost
616641,ProductX,Lost
670372568,ProductX,Lost
623513842,ProductX,Sold
513954,ProductX,Lost
657453399,ProductX,Sold
433513,ProductX,Lost
180051255,ProductX,Lost
532598,ProductX,Lost
271987727,ProductX,Sold
712367557,ProductX,Sold
703392534,ProductX,Sold
690827897,ProductX,Lost
799109,ProductX,Lost
628937691,ProductX,Lost
484104085,ProductX,Lost
45464027,ProductX,Lost
654069886,ProductX,Sold
443011,ProductX,Sold
401306791,ProductX,Lost
125880170,ProductX,Lost
516572971,ProductX,Lost
692107655,ProductX,Lost
564543503,ProductX,Lost
287639249,ProductX,Sold
39023683,ProductX,Lost
33886630,ProductX,Lost
655063690,ProductX,Lost
401330328,ProductX,Sold
703840433,ProductX,Lost
616528122,ProductX,Sold
299857871,ProductX,Lost
495125929,ProductX,Lost
357983305,ProductX,Sold
711161218,ProductX,Sold
600865,ProductX,Lost
433446,ProductX,Lost
214740806,ProductX,Lost
675886,ProductX,Lost
578814,ProductX,Lost
781638,ProductX,Lost
671657485,ProductX,Lost
629385365,ProductX,Lost
453074,ProductX,Lost
698952457,ProductX,Lost
491756233,ProductX,Lost
509241728,ProductX,Sold
170017474,ProductX,Lost
706265,ProductX,Lost
650430180,ProductX,Sold
442859,ProductX,Lost
185253750,ProductX,Lost
182470585,ProductX,Lost
632540,ProductX,Sold
626998651,ProductX,Lost
807182,ProductX,Lost
778286,ProductX,Lost
702218608,ProductX,Sold
315047712,ProductX,Lost
450763430,ProductX,Lost
259803065,ProductX,Lost
300266755,ProductX,Lost
59442977,ProductX,Sold
735244,ProductX,Lost
587097,ProductX,Lost
691605251,ProductX,Lost
32427581,ProductX,Lost
580348331,ProductX,Lost
73706654,ProductX,Lost
269883384,ProductX,Sold
509330137,ProductX,Lost
410008215,ProductX,Lost
37654327,ProductX,Sold
510798855,ProductX,Lost
807521,ProductX,Sold
652409082,ProductX,Sold
602298655,ProductX,Lost
524616,ProductX,Lost
457743578,ProductX,Sold
548897601,ProductX,Lost
52180990,ProductX,Lost
264132552,ProductX,Lost
842315,ProductX,Lost
576310863,ProductX,Sold
414751057,ProductX,Lost
93059179,ProductX,Sold
710346172,ProductX,Lost
335123746,ProductX,Sold
286280407,ProductX,Lost
268618469,ProductX,Lost
625563,ProductX,Lost
583055,ProductX,Lost
720900,ProductX,Lost
635917,ProductX,Lost
767946,ProductX,Lost
299549620,ProductX,Lost
657501,ProductX,Lost
294156116,ProductX,Lost
657081512,ProductX,Lost
594272914,ProductX,Lost
531389,ProductX,Lost
596979,ProductX,Lost
664610457,ProductX,Sold
436635457,ProductX,Lost
445859355,ProductX,Sold
514466289,ProductX,Sold
148475224,ProductX,Lost
452574,ProductX,Lost
627119502,ProductX,Sold
692798482,ProductX,Lost
34727238,ProductX,Lost
626241394,ProductX,Lost
677137318,ProductX,Sold
280406450,ProductX,Lost
615295623,ProductX,Sold
683196697,ProductX,Sold
560090283,ProductX,Sold
483958510,ProductX,Lost
437538994,ProductX,Lost
521631341,ProductX,Lost
838112,ProductX,Lost
585624035,ProductX,Lost
616833327,ProductX,Lost
705382332,ProductX,Lost
448617,ProductX,Lost
620436914,ProductX,Sold
407850552,ProductX,Lost
605610844,ProductX,Lost
442179342,ProductX,Lost
443672714,ProductX,Lost
634786375,ProductX,Lost
394304541,ProductX,Lost
466613971,ProductX,Sold
771140,ProductX,Sold
779093,ProductX,Lost
110092688,ProductX,Lost
553671335,ProductX,Sold
536043,ProductX,Lost
628888460,ProductX,Sold
550809822,ProductX,Sold
528408,ProductX,Lost
622738899,ProductX,Lost
514447443,ProductX,Lost
632667,ProductX,Lost
648424,ProductX,Lost
218050195,ProductX,Lost
619093600,ProductX,Lost
559007966,ProductX,Sold
434198,ProductX,Lost
332884152,ProductX,Lost
689814349,ProductX,Lost
441076,ProductX,Lost
553471,ProductX,Lost
354692929,ProductX,Lost
271253967,ProductX,Sold
459242,ProductX,Lost
449077434,ProductX,Lost
631487283,ProductX,Lost
655374738,ProductX,Lost
127894997,ProductX,Lost
421701788,ProductX,Lost
380052703,ProductX,Sold
596170,ProductX,Lost
197523481,ProductX,Lost
623799096,ProductX,Lost
158516436,ProductX,Lost
358733315,ProductX,Sold
93249668,ProductX,Lost
645862992,ProductX,Lost
478650055,ProductX,Lost
434657,ProductX,Lost
645423,ProductX,Lost
681795886,ProductX,Lost
278778948,ProductX,Lost
708685,ProductX,Lost
706799366,ProductX,Sold
654965,ProductX,Lost
765088,ProductX,Lost
656987616,ProductX,Sold
387032920,ProductX,Lost
683882957,ProductX,Sold
462536,ProductX,Lost
251578011,ProductX,Lost
389553360,ProductX,Lost
503267,ProductX,Lost
704644586,ProductX,Sold
56411405,ProductX,Lost
610632,ProductX,Lost
461652,ProductX,Lost
405980190,ProductX,Lost
574723,ProductX,Lost
184220347,ProductX,Lost
740796,ProductX,Lost
550517,ProductX,Lost
627045807,ProductX,Sold
449547,ProductX,Lost
661612645,ProductX,Sold
625668806,ProductX,Sold
521139540,ProductX,Lost
792782,ProductX,Lost
654390706,ProductX,Lost
267023627,ProductX,Lost
320839531,ProductX,Lost
658287331,ProductX,Sold
616821897,ProductX,Lost
65033728,ProductX,Lost
169823342,ProductX,Lost
276910153,ProductX,Lost
805614,ProductX,Lost
277082186,ProductX,Lost
589161,ProductX,Lost
690449350,ProductX,Sold
267801267,ProductX,Lost
448971156,ProductX,Lost
169795707,ProductX,Sold
388159882,ProductX,Lost
569096,ProductX,Lost
693307,ProductX,Lost
311645155,ProductX,Lost
627044948,ProductX,Sold
565119,ProductX,Lost
573275537,ProductX,Lost
481754322,ProductX,Lost
520951341,ProductX,Lost
585365588,ProductX,Lost
472487743,ProductX,Lost
458017,ProductX,Lost
650044,ProductX,Lost
23308397,ProductX,Lost
463239010,ProductX,Lost
765089,ProductX,Lost
614256298,ProductX,Lost
735827,ProductX,Lost
650388305,ProductX,Lost
383546022,ProductX,Lost
455247,ProductX,Lost
394106382,ProductX,Lost
584062985,ProductX,Lost
252606181,ProductX,Lost
75795740,ProductX,Lost
369814352,ProductX,Lost
501204068,ProductX,Lost
133846388,ProductX,Lost
269286056,ProductX,Lost
687405565,ProductX,Sold
381266138,ProductX,Lost
626918579,ProductX,Sold
662312822,ProductX,Lost
474585573,ProductX,Lost
490558486,ProductX,Lost
627081222,ProductX,Lost
277467017,ProductX,Sold
630514372,ProductX,Sold
778721,ProductX,Lost
322739033,ProductX,Sold
694507018,ProductX,Lost
678139925,ProductX,Lost
494702877,ProductX,Lost
516887187,ProductX,Lost
650534417,ProductX,Lost
630335400,ProductX,Lost
433203538,ProductX,Lost
659074329,ProductX,Lost
50005374,ProductX,Lost
447358,ProductX,Lost
526097733,ProductX,Sold
713482986,ProductX,Lost
514099510,ProductX,Lost
650620503,ProductX,Lost
484640418,ProductX,Lost
594164119,ProductX,Lost
568532,ProductX,Lost
555779047,ProductX,Lost
504436,ProductX,Sold
701257774,ProductX,Sold
585337481,ProductX,Lost
616685854,ProductX,Lost
836407,ProductX,Lost
622853172,ProductX,Lost
806652,ProductX,Sold
269879967,ProductX,Lost
849422,ProductX,Lost
753903,ProductX,Lost
750778,ProductX,Lost
646598191,ProductX,Sold
432087040,ProductX,Lost
540174612,ProductX,Lost
566753237,ProductX,Lost
569159564,ProductX,Sold
659174,ProductX,Sold
779255,ProductX,Lost
398265759,ProductX,Lost
591830302,ProductX,Lost
327239673,ProductX,Lost
277093081,ProductX,Lost
564692269,ProductX,Sold
446879579,ProductX,Lost
650720,ProductX,Lost
612994259,ProductX,Lost
384740509,ProductX,Lost
372350623,ProductX,Lost
498088,ProductX,Lost
480004846,ProductX,Lost
419837534,ProductX,Sold
307385858,ProductX,Lost
397919868,ProductX,Lost
482282,ProductX,Lost
83736365,ProductX,Lost
514467553,ProductX,Sold
379398644,ProductX,Sold
596681099,ProductX,Sold
443336210,ProductX,Lost
129317974,ProductX,Sold
450826119,ProductX,Lost
477915,ProductX,Lost
451538,ProductX,Sold
604530850,ProductX,Lost
657750394,ProductX,Sold
691871112,ProductX,Lost
867439,ProductX,Lost
512425298,ProductX,Lost
806301,ProductX,Sold
356211511,ProductX,Sold
653439,ProductX,Lost
652961052,ProductX,Lost
742414,ProductX,Lost
641182598,ProductX,Sold
498527346,ProductX,Lost
314038909,ProductX,Lost
689899,ProductX,Lost
13711255,ProductX,Lost
685641819,ProductX,Sold
491108,ProductX,Lost
488034320,ProductX,Lost
695685008,ProductX,Lost
633356599,ProductX,Lost
692902885,ProductX,Sold
455245969,ProductX,Sold
711668,ProductX,Lost
463196640,ProductX,Lost
451520,ProductX,Lost
669560803,ProductX,Lost
598559558,ProductX,Lost
616558281,ProductX,Lost
205336332,ProductX,Lost
646571806,ProductX,Lost
201321937,ProductX,Lost
115912327,ProductX,Lost
682810026,ProductX,Lost
409232125,ProductX,Lost
38138519,ProductX,Lost
459846005,ProductX,Lost
588637,ProductX,Lost
98768936,ProductX,Lost
569136921,ProductX,Lost
160052574,ProductX,Lost
804326,ProductX,Lost
257399786,ProductX,Lost
620219204,ProductX,Sold
552128,ProductX,Lost
572405623,ProductX,Lost
530335831,ProductX,Sold
384483606,ProductX,Lost
553418829,ProductX,Lost
606003241,ProductX,Lost
519403496,ProductX,Sold
579401619,ProductX,Lost
498485138,ProductX,Lost
148675992,ProductX,Lost
449552,ProductX,Lost
628263342,ProductX,Lost
82403029,ProductX,Lost
600861,ProductX,Lost
591533719,ProductX,Sold
300579214,ProductX,Lost
490365716,ProductX,Lost
562435,ProductX,Lost
674723445,ProductX,Lost
688285688,ProductX,Lost
520659,ProductX,Lost
410711449,ProductX,Sold
630872,ProductX,Lost
540126503,ProductX,Lost
566632858,ProductX,Lost
164551393,ProductX,Lost
504831,ProductX,Sold
59833877,ProductX,Lost
593992,ProductX,Lost
636231725,ProductX,Lost
868767,ProductX,Sold
685439,ProductX,Lost
680841408,ProductX,Lost
650277572,ProductX,Lost
613533551,ProductX,Lost
646022,ProductX,Lost
270006796,ProductX,Lost
280453008,ProductX,Lost
528507418,ProductX,Lost
233546406,ProductX,Lost
599888340,ProductX,Lost
740127,ProductX,Lost
174018702,ProductX,Lost
673540,ProductX,Lost
443775,ProductX,Lost
807955,ProductX,Lost
200079785,ProductX,Sold
617946,ProductX,Lost
561228,ProductX,Lost
48770181,ProductX,Lost
433243252,ProductX,Lost
688949178,ProductX,Lost
477023996,ProductX,Lost
450044457,ProductX,Lost
342610483,ProductX,Lost
580392,ProductX,Lost
607536782,ProductX,Lost
131008648,ProductX,Sold
612253,ProductX,Lost
137152083,ProductX,Lost
385222471,ProductX,Lost
591686856,ProductX,Lost
340363577,ProductX,Lost
199083086,ProductX,Lost
650278236,ProductX,Lost
62312777,ProductX,Lost
25166625,ProductX,Lost
555912184,ProductX,Lost
94679023,ProductX,Lost
832979,ProductX,Lost
500970463,ProductX,Sold
392210555,ProductX,Lost
588579641,ProductX,Lost
563731,ProductX,Sold
685032739,ProductX,Lost
239541499,ProductX,Lost
625834392,ProductX,Sold
524981402,ProductX,Lost
691227079,ProductX,Lost
199057206,ProductX,Lost
594400467,ProductX,Sold
679380,ProductX,Lost
737538,ProductX,Lost
712494131,ProductX,Lost
781697,ProductX,Lost
586617,ProductX,Lost
514589823,ProductX,Lost
117261220,ProductX,Lost
642630,ProductX,Lost
614390,ProductX,Lost
666304757,ProductX,Lost
313835767,ProductX,Lost
673709709,ProductX,Lost
186415072,ProductX,Lost
490234264,ProductX,Lost
459785,ProductX,Lost
527376700,ProductX,Lost
556770,ProductX,Sold
356214304,ProductX,Lost
600854,ProductX,Lost
650691267,ProductX,Lost
680558,ProductX,Lost
673744,ProductX,Lost
586883,ProductX,Lost
474500979,ProductX,Sold
631560595,ProductX,Sold
748143,ProductX,Lost
536401933,ProductX,Lost
693258,ProductX,Lost
585171877,ProductX,Sold
466334119,ProductX,Lost
582405,ProductX,Lost
566957216,ProductX,Lost
75201364,ProductX,Lost
346666687,ProductX,Lost
462904,ProductX,Lost
455392613,ProductX,Lost
608099,ProductX,Lost
515836150,ProductX,Sold
659369,ProductX,Lost
54519591,ProductX,Lost
274514358,ProductX,Sold
482628,ProductX,Lost
283421461,ProductX,Sold
240982210,ProductX,Lost
736296,ProductX,Lost
510074232,ProductX,Lost
382424130,ProductX,Lost
210996275,ProductX,Lost
707291358,ProductX,Lost
420591803,ProductX,Sold
28144962,ProductX,Sold
461386,ProductX,Lost
577629,ProductX,Sold
654048460,ProductX,Sold
434152823,ProductX,Lost
355940069,ProductX,Sold
158802398,ProductX,Lost
48586627,ProductX,Lost
585352356,ProductX,Sold
544868512,ProductX,Sold
498961884,ProductX,Lost
503619392,ProductX,Lost
454399,ProductX,Lost
31828565,ProductX,Lost
759756,ProductX,Lost
561684475,ProductX,Sold
480346,ProductX,Lost
685789,ProductX,Lost
666832616,ProductX,Lost
566555055,ProductX,Sold
507258,ProductX,Lost
730850,ProductX,Lost
350844863,ProductX,Lost
765102,ProductX,Sold
696621687,ProductX,Sold
488397896,ProductX,Lost
550646930,ProductX,Sold
807142,ProductX,Lost
578356470,ProductX,Lost
609223631,ProductX,Lost
644703058,ProductX,Sold
663033824,ProductX,Lost
344734442,ProductX,Lost
795434,ProductX,Sold
426127262,ProductX,Lost
745675,ProductX,Lost
625723935,ProductX,Sold
686392,ProductX,Lost
679514196,ProductX,Lost
781996,ProductX,Lost
537805251,ProductX,Lost
363717968,ProductX,Lost
579398972,ProductX,Sold
676032965,ProductX,Sold
671549020,ProductX,Lost
513198706,ProductX,Sold
652981,ProductX,Lost
612186680,ProductX,Lost
633789874,ProductX,Lost
707573937,ProductX,Sold
50930511,ProductX,Lost
777669,ProductX,Lost
737510,ProductX,Lost
298535006,ProductX,Lost
645741744,ProductX,Lost
641894,ProductX,Lost
499656,ProductX,Lost
134146133,ProductX,Lost
616453151,ProductX,Lost
656519863,ProductX,Lost
588623772,ProductX,Lost
452264504,ProductX,Lost
225710431,ProductX,Lost
817182,ProductX,Lost
158633546,ProductX,Lost
537855,ProductX,Lost
264011098,ProductX,Lost
632854929,ProductX,Lost
475582860,ProductX,Lost
700473591,ProductX,Lost
523925327,ProductX,Lost
433261144,ProductX,Sold
474865521,ProductX,Lost
739137,ProductX,Lost
442907,ProductX,Lost
196218131,ProductX,Sold
551094048,ProductX,Sold
733034,ProductX,Lost
265954711,ProductX,Lost
459898542,ProductX,Lost
633530199,ProductX,Lost
615091758,ProductX,Sold
450029,ProductX,Lost
543260,ProductX,Lost
536422418,ProductX,Lost
498935489,ProductX,Lost
270052193,ProductX,Lost
452548338,ProductX,Lost
695548,ProductX,Lost
385977701,ProductX,Lost
513143,ProductX,Lost
376053736,ProductX,Sold
396308895,ProductX,Lost
591323,ProductX,Lost
559373,ProductX,Lost
679353,ProductX,Lost
621245,ProductX,Lost
650428,ProductX,Lost
397069363,ProductX,Lost
33231519,ProductX,Lost
482301032,ProductX,Lost
274125186,ProductX,Lost
655306900,ProductX,Sold
503928,ProductX,Lost
523370,ProductX,Lost
505761591,ProductX,Sold
402265206,ProductX,Lost
706942024,ProductX,Sold
638650693,ProductX,Sold
622712452,ProductX,Lost
584737278,ProductX,Lost
652253,ProductX,Lost
607600924,ProductX,Lost
526095160,ProductX,Sold
686229059,ProductX,Sold
415973267,ProductX,Lost
590464,ProductX,Lost
525074,ProductX,Lost
543896760,ProductX,Sold
690447555,ProductX,Sold
613643,ProductX,Lost
321898106,ProductX,Lost
628091,ProductX,Lost
605009348,ProductX,Lost
721262,ProductX,Lost
563832,ProductX,Lost
710568891,ProductX,Lost
588534294,ProductX,Sold
614381984,ProductX,Sold
518749640,ProductX,Lost
578752,ProductX,Lost
277036382,ProductX,Sold
153066563,ProductX,Sold
554225,ProductX,Lost
849430,ProductX,Lost
666326453,ProductX,Sold
752654,ProductX,Lost
375449683,ProductX,Lost
686591,ProductX,Lost
849025,ProductX,Lost
755954,ProductX,Lost
507745050,ProductX,Lost
534003417,ProductX,Lost
606015010,ProductX,Sold
495178686,ProductX,Sold
660947779,ProductX,Sold
703922638,ProductX,Sold
629151974,ProductX,Lost
388668279,ProductX,Lost
574414,ProductX,Lost
382900924,ProductX,Lost
603896,ProductX,Lost
523079251,ProductX,Lost
666486,ProductX,Lost
450709473,ProductX,Lost
536660214,ProductX,Sold
708106174,ProductX,Sold
278966938,ProductX,Sold
610010005,ProductX,Sold
692914845,ProductX,Lost
685914247,ProductX,Lost
669232987,ProductX,Lost
515780,ProductX,Lost
612635,ProductX,Sold
706054,ProductX,Lost
391210889,ProductX,Lost
707579959,ProductX,Lost
708576,ProductX,Lost
668774589,ProductX,Sold
650278024,ProductX,Sold
644743264,ProductX,Lost
680628851,ProductX,Lost
651814732,ProductX,Sold
391242286,ProductX,Sold
58258320,ProductX,Lost
663317152,ProductX,Lost
156468944,ProductX,Lost
452616,ProductX,Lost
696765736,ProductX,Lost
771835,ProductX,Lost
698852584,ProductX,Lost
626796708,ProductX,Sold
298109900,ProductX,Lost
202964576,ProductX,Sold
135476105,ProductX,Lost
551838585,ProductX,Sold
374466205,ProductX,Lost
619636,ProductX,Lost
517016,ProductX,Lost
307415132,ProductX,Sold
265229887,ProductX,Lost
669150984,ProductX,Lost
652877133,ProductX,Sold
634422,ProductX,Sold
688395,ProductX,Lost
134728130,ProductX,Sold
677513,ProductX,Lost
597965,ProductX,Lost
777038,ProductX,Lost
150649137,ProductX,Lost
312088199,ProductX,Lost
740977,ProductX,Lost
454537191,ProductX,Sold
645010945,ProductX,Lost
553063,ProductX,Lost
326360892,ProductX,Sold
172444722,ProductX,Lost
101003890,ProductX,Lost
657571131,ProductX,Sold
773350,ProductX,Lost
4092438,ProductX,Lost
200198154,ProductX,Lost
609467401,ProductX,Sold
518944905,ProductX,Lost
685688807,ProductX,Sold
776634,ProductX,Lost
466985135,ProductX,Sold
461749545,ProductX,Sold
311346147,ProductX,Sold
833576,ProductX,Lost
176724567,ProductX,Lost
628613758,ProductX,Lost
414219294,ProductX,Lost
701549142,ProductX,Lost
568666703,ProductX,Lost
795441,ProductX,Sold
869104,ProductX,Lost
489133358,ProductX,Lost
712432,ProductX,Lost
754723,ProductX,Lost
549144919,ProductX,Lost
141857455,ProductX,Lost
251936417,ProductX,Lost
618991718,ProductX,Sold
621301383,ProductX,Sold
591181785,ProductX,Lost
32309712,ProductX,Lost
685770692,ProductX,Sold
630844,ProductX,Lost
628884763,ProductX,Lost
628094,ProductX,Lost
608220,ProductX,Lost
683883453,ProductX,Lost
542288802,ProductX,Lost
272812179,ProductX,Lost
460677,ProductX,Sold
337152702,ProductX,Lost
524792,ProductX,Lost
675857096,ProductX,Lost
716653,ProductX,Lost
331726747,ProductX,Lost
568248623,ProductX,Lost
302860266,ProductX,Lost
701220965,ProductX,Lost
700629345,ProductX,Sold
676116311,ProductX,Lost
710130480,ProductX,Lost
646894,ProductX,Lost
474180,ProductX,Lost
608172,ProductX,Lost
616018314,ProductX,Lost
868152,ProductX,Lost
853800,ProductX,Lost
511069883,ProductX,Lost
702298,ProductX,Lost
78064783,ProductX,Lost
608424728,ProductX,Lost
704784,ProductX,Lost
675371272,ProductX,Lost
257521523,ProductX,Lost
550348731,ProductX,Lost
594697,ProductX,Sold
734609,ProductX,Lost
788778,ProductX,Lost
787785,ProductX,Lost
727155,ProductX,Sold
71514962,ProductX,Lost
460342486,ProductX,Lost
571518,ProductX,Lost
528443389,ProductX,Lost
684166157,ProductX,Lost
105735174,ProductX,Lost
547886434,ProductX,Sold
462158025,ProductX,Sold
529940949,ProductX,Lost
635742597,ProductX,Sold
793004,ProductX,Lost
601330341,ProductX,Lost
650521302,ProductX,Lost
651831,ProductX,Sold
650547019,ProductX,Lost
472344347,ProductX,Lost
357745749,ProductX,Lost
641033,ProductX,Lost
383664290,ProductX,Sold
559143271,ProductX,Lost
280996048,ProductX,Lost
761622,ProductX,Lost
175757507,ProductX,Lost
605193,ProductX,Sold
577321751,ProductX,Lost
480422,ProductX,Lost
261134876,ProductX,Lost
528512926,ProductX,Sold
696106803,ProductX,Sold
696544574,ProductX,Sold
593433122,ProductX,Lost
100876019,ProductX,Lost
654930239,ProductX,Sold
712244152,ProductX,Lost
85814363,ProductX,Lost
286512960,ProductX,Lost
423263716,ProductX,Sold
735824,ProductX,Lost
869423,ProductX,Lost
571693951,ProductX,Sold
624646420,ProductX,Lost
418421388,ProductX,Sold
745711,ProductX,Lost
650279604,ProductX,Lost
721269,ProductX,Lost
157472883,ProductX,Lost
412148572,ProductX,Lost
675849945,ProductX,Lost
605602,ProductX,Lost
618806308,ProductX,Lost
112653503,ProductX,Lost
556800,ProductX,Lost
457520593,ProductX,Lost
626312,ProductX,Lost
547971566,ProductX,Lost
335373723,ProductX,Lost
520622534,ProductX,Lost
670777,ProductX,Lost
622881946,ProductX,Sold
734699,ProductX,Lost
389479100,ProductX,Lost
625921703,ProductX,Sold
59401497,ProductX,Lost
582202,ProductX,Lost
630709202,ProductX,Lost
605324598,ProductX,Lost
90686153,ProductX,Sold
745680,ProductX,Lost
593846,ProductX,Lost
811302,ProductX,Lost
867607,ProductX,Lost
465410894,ProductX,Lost
496973187,ProductX,Lost
313524385,ProductX,Lost
320333004,ProductX,Sold
232469760,ProductX,Lost
232337207,ProductX,Lost
311166515,ProductX,Lost
689730309,ProductX,Lost
703968876,ProductX,Sold
53299282,ProductX,Lost
455359503,ProductX,Lost
561690584,ProductX,Sold
329374148,ProductX,Lost
663273074,ProductX,Sold
601181318,ProductX,Lost
228308416,ProductX,Sold
578590491,ProductX,Sold
323052608,ProductX,Sold
645180,ProductX,Lost
336943855,ProductX,Lost
695317789,ProductX,Lost
615119347,ProductX,Sold
375560911,ProductX,Lost
589532,ProductX,Lost
625598,ProductX,Lost
615839524,ProductX,Lost
267511129,ProductX,Sold
167856291,ProductX,Lost
676165170,ProductX,Lost
623742991,ProductX,Sold
615279343,ProductX,Lost
783681,ProductX,Lost
495430580,ProductX,Sold
394110846,ProductX,Sold
573515128,ProductX,Lost
69994003,ProductX,Sold
495444,ProductX,Lost
645100865,ProductX,Lost
211761493,ProductX,Sold
535182,ProductX,Lost
528507027,ProductX,Sold
434821838,ProductX,Lost
502277,ProductX,Lost
101607773,ProductX,Sold
782882,ProductX,Lost
634956,ProductX,Lost
813291,ProductX,Lost
505932839,ProductX,Lost
665952219,ProductX,Sold
243532915,ProductX,Lost
576166,ProductX,Lost
214902020,ProductX,Lost
523820,ProductX,Lost
269689785,ProductX,Lost
348151231,ProductX,Lost
867846,ProductX,Lost
382820196,ProductX,Lost
359117205,ProductX,Lost
691133,ProductX,Sold
628349380,ProductX,Lost
618739,ProductX,Lost
628937,ProductX,Lost
658796,ProductX,Lost
401365433,ProductX,Lost
632129,ProductX,Lost
248621415,ProductX,Lost
418939109,ProductX,Lost
242824249,ProductX,Lost
509449,ProductX,Lost
618931813,ProductX,Sold
543302,ProductX,Lost
560477242,ProductX,Lost
410603386,ProductX,Lost
602191,ProductX,Lost
589443022,ProductX,Sold
526014108,ProductX,Lost
654192716,ProductX,Lost
681451495,ProductX,Sold
552589309,ProductX,Sold
676071597,ProductX,Sold
676991696,ProductX,Lost
496321196,ProductX,Lost
691319,ProductX,Lost
709084171,ProductX,Sold
505138322,ProductX,Sold
570814193,ProductX,Lost
476010,ProductX,Lost
267048525,ProductX,Sold
834649,ProductX,Lost
663424,ProductX,Lost
380573194,ProductX,Lost
448275,ProductX,Lost
688863130,ProductX,Lost
666767480,ProductX,Lost
384666260,ProductX,Lost
140660972,ProductX,Lost
849828,ProductX,Lost
180398176,ProductX,Lost
799406,ProductX,Lost
616469626,ProductX,Lost
671482236,ProductX,Lost
668538931,ProductX,Lost
193954113,ProductX,Lost
714114,ProductX,Lost
203278756,ProductX,Lost
537411893,ProductX,Lost
386946330,ProductX,Lost
317231629,ProductX,Lost
272203763,ProductX,Lost
668197969,ProductX,Lost
652368915,ProductX,Sold
600791768,ProductX,Lost
668724502,ProductX,Lost
58523376,ProductX,Lost
553785962,ProductX,Sold
653912667,ProductX,Lost
207365471,ProductX,Lost
412147546,ProductX,Lost
609995,ProductX,Lost
548109827,ProductX,Sold
691894301,ProductX,Lost
544034,ProductX,Lost
351067390,ProductX,Sold
507922414,ProductX,Lost
614303056,ProductX,Lost
114107405,ProductX,Lost
614451695,ProductX,Sold
514372822,ProductX,Lost
610728,ProductX,Lost
632279640,ProductX,Lost
652052373,ProductX,Sold
440810,ProductX,Lost
419086074,ProductX,Lost
549525,ProductX,Lost
656940144,ProductX,Lost
265710862,ProductX,Lost
521666724,ProductX,Lost
194129054,ProductX,Lost
426381002,ProductX,Lost
326777691,ProductX,Lost
499323208,ProductX,Lost
609813,ProductX,Sold
610756,ProductX,Lost
564787068,ProductX,Lost
571495,ProductX,Lost
518299,ProductX,Sold
250169994,ProductX,Lost
531467,ProductX,Lost
670812744,ProductX,Lost
192349570,ProductX,Lost
573553419,ProductX,Sold
562216805,ProductX,Lost
528865,ProductX,Lost
506772212,ProductX,Lost
796229,ProductX,Lost
378017962,ProductX,Lost
85338904,ProductX,Lost
384645705,ProductX,Lost
662699,ProductX,Lost
701409,ProductX,Lost
484807,ProductX,Lost
818421,ProductX,Lost
556322,ProductX,Lost
589659688,ProductX,Lost
658840,ProductX,Lost
574107,ProductX,Lost
530628283,ProductX,Sold
777018,ProductX,Lost
703960131,ProductX,Lost
629352666,ProductX,Lost
564917314,ProductX,Sold
597527,ProductX,Sold
477854089,ProductX,Lost
620560087,ProductX,Lost
559118388,ProductX,Lost
489267001,ProductX,Sold
152740889,ProductX,Lost
539771,ProductX,Lost
672515337,ProductX,Lost
695293,ProductX,Lost
598037500,ProductX,Lost
521033,ProductX,Lost
624802538,ProductX,Lost
438106286,ProductX,Lost
218555837,ProductX,Lost
486625,ProductX,Lost
456618,ProductX,Lost
701171,ProductX,Lost
824589,ProductX,Lost
585116707,ProductX,Sold
666082,ProductX,Lost
710006094,ProductX,Lost
762488,ProductX,Lost
706555,ProductX,Lost
818392,ProductX,Lost
583890,ProductX,Sold
530880,ProductX,Lost
644214854,ProductX,Lost
62885395,ProductX,Lost
585552827,ProductX,Lost
377096161,ProductX,Lost
631138081,ProductX,Lost
372323088,ProductX,Lost
610710,ProductX,Lost
391959997,ProductX,Sold
382821510,ProductX,Lost
494342,ProductX,Lost
558261238,ProductX,Sold
593408715,ProductX,Lost
48910185,ProductX,Lost
608110867,ProductX,Lost
505980267,ProductX,Lost
680527544,ProductX,Lost
843118,ProductX,Lost
641837,ProductX,Lost
163296921,ProductX,Sold
693834370,ProductX,Lost
245597491,ProductX,Lost
626725,ProductX,Lost
520997235,ProductX,Lost
632411051,ProductX,Lost
378745898,ProductX,Lost
520882190,ProductX,Lost
164487328,ProductX,Lost
269922228,ProductX,Lost
522832,ProductX,Lost
674832658,ProductX,Lost
69259362,ProductX,Sold
534236044,ProductX,Lost
672505299,ProductX,Sold
396513307,ProductX,Lost
561068,ProductX,Lost
767344,ProductX,Lost
680927,ProductX,Lost
468926699,ProductX,Sold
710256170,ProductX,Lost
527297379,ProductX,Sold
512975,ProductX,Lost
362971560,ProductX,Lost
780765,ProductX,Lost
614015396,ProductX,Lost
544805041,ProductX,Sold
675564252,ProductX,Sold
570981029,ProductX,Sold
501613795,ProductX,Lost
263653738,ProductX,Lost
599219,ProductX,Lost
600268905,ProductX,Sold
26859686,ProductX,Lost
458894,ProductX,Lost
575375623,ProductX,Lost
568819084,ProductX,Lost
515633386,ProductX,Lost
227640372,ProductX,Lost
765635,ProductX,Lost
471994847,ProductX,Lost
187333630,ProductX,Lost
575104965,ProductX,Sold
56359601,ProductX,Lost
100582106,ProductX,Lost
584877,ProductX,Lost
568393550,ProductX,Sold
686493383,ProductX,Lost
683242,ProductX,Lost
649806222,ProductX,Sold
481341732,ProductX,Lost
403459414,ProductX,Lost
174052637,ProductX,Lost
364494577,ProductX,Lost
621433,ProductX,Sold
465728,ProductX,Lost
133326332,ProductX,Lost
327927245,ProductX,Sold
530444,ProductX,Lost
529452832,ProductX,Lost
694011448,ProductX,Sold
425586245,ProductX,Lost
669211938,ProductX,Sold
638504956,ProductX,Lost
625394047,ProductX,Lost
586347422,ProductX,Sold
595141137,ProductX,Lost
699338,ProductX,Sold
562207767,ProductX,Lost
578415670,ProductX,Sold
835172,ProductX,Lost
556908976,ProductX,Lost
456306686,ProductX,Lost
762215,ProductX,Lost
696874528,ProductX,Lost
504593211,ProductX,Lost
853676,ProductX,Lost
625377146,ProductX,Sold
599084510,ProductX,Lost
626914261,ProductX,Lost
479581996,ProductX,Sold
625582827,ProductX,Sold
570682446,ProductX,Lost
554132478,ProductX,Sold
571913,ProductX,Lost
628705812,ProductX,Lost
626840823,ProductX,Lost
503220,ProductX,Sold
507910148,ProductX,Lost
514845,ProductX,Sold
576100774,ProductX,Sold
810397,ProductX,Sold
615505871,ProductX,Lost
479366016,ProductX,Lost
218008572,ProductX,Lost
371927496,ProductX,Lost
461544580,ProductX,Lost
439740392,ProductX,Lost
269342436,ProductX,Lost
697729,ProductX,Lost
17043470,ProductX,Lost
813137,ProductX,Lost
633405307,ProductX,Sold
158825925,ProductX,Lost
628537127,ProductX,Lost
1215167,ProductX,Lost
388876298,ProductX,Sold
650688206,ProductX,Sold
642123293,ProductX,Lost
719378,ProductX,Lost
17852277,ProductX,Lost
541294114,ProductX,Lost
463127234,ProductX,Lost
573079968,ProductX,Sold
630973971,ProductX,Sold
364805973,ProductX,Lost
337863000,ProductX,Lost
582981478,ProductX,Lost
705782437,ProductX,Lost
265466519,ProductX,Lost
535278569,ProductX,Sold
435429,ProductX,Lost
508455771,ProductX,Lost
604393127,ProductX,Lost
489915,ProductX,Lost
654874024,ProductX,Sold
322107266,ProductX,Lost
677625463,ProductX,Lost
773784,ProductX,Sold
580692736,ProductX,Sold
530356,ProductX,Lost
644736471,ProductX,Sold
655161,ProductX,Lost
453732,ProductX,Lost
307617241,ProductX,Lost
650579105,ProductX,Lost
384513503,ProductX,Lost
344854142,ProductX,Lost
526003,ProductX,Sold
483266860,ProductX,Lost
361944549,ProductX,Lost
343958201,ProductX,Lost
628260155,ProductX,Lost
254783389,ProductX,Lost
316509542,ProductX,Lost
641253,ProductX,Lost
275279825,ProductX,Lost
673392791,ProductX,Sold
255335384,ProductX,Lost
700015530,ProductX,Lost
830955,ProductX,Lost
556675923,ProductX,Lost
609377591,ProductX,Lost
507927597,ProductX,Lost
643254616,ProductX,Sold
700797709,ProductX,Lost
616746596,ProductX,Lost
513209,ProductX,Lost
520752892,ProductX,Lost
675956000,ProductX,Lost
472894476,ProductX,Lost
505721000,ProductX,Lost
298489920,ProductX,Sold
598558631,ProductX,Lost
674369,ProductX,Lost
455393490,ProductX,Lost
73825934,ProductX,Sold
387332199,ProductX,Lost
831022,ProductX,Lost
479288327,ProductX,Sold
27952331,ProductX,Lost
809555,ProductX,Lost
330280557,ProductX,Lost
615934086,ProductX,Sold
492966012,ProductX,Lost
509684,ProductX,Sold
611902151,ProductX,Lost
584373539,ProductX,Sold
450590375,ProductX,Lost
838503,ProductX,Sold
546204685,ProductX,Lost
696885692,ProductX,Lost
696557031,ProductX,Lost
777461,ProductX,Sold
670409,ProductX,Sold
368403115,ProductX,Lost
783248,ProductX,Sold
113672781,ProductX,Lost
703142642,ProductX,Sold
845346,ProductX,Lost
683105055,ProductX,Sold
432750,ProductX,Lost
543861393,ProductX,Lost
624487485,ProductX,Sold
315964306,ProductX,Lost
397747051,ProductX,Lost
322152378,ProductX,Lost
595992959,ProductX,Sold
277144782,ProductX,Lost
568550660,ProductX,Sold
239772111,ProductX,Lost
829756,ProductX,Lost
650367149,ProductX,Lost
229848149,ProductX,Lost
503538517,ProductX,Lost
184669791,ProductX,Sold
504074975,ProductX,Lost
660939,ProductX,Lost
691033760,ProductX,Lost
601409348,ProductX,Lost
617532,ProductX,Lost
708961990,ProductX,Lost
500355,ProductX,Lost
58568836,ProductX,Lost
615367360,ProductX,Sold
567954525,ProductX,Lost
247537203,ProductX,Lost
342568141,ProductX,Lost
615840,ProductX,Lost
566294349,ProductX,Lost
683125283,ProductX,Sold
458120,ProductX,Sold
231344860,ProductX,Lost
497549462,ProductX,Lost
537849371,ProductX,Lost
637718,ProductX,Lost
752624,ProductX,Lost
411926634,ProductX,Lost
306369996,ProductX,Lost
704530975,ProductX,Lost
650278169,ProductX,Lost
656921557,ProductX,Sold
647566790,ProductX,Sold
618821,ProductX,Lost
652066,ProductX,Lost
386361484,ProductX,Lost
377120791,ProductX,Lost
735138,ProductX,Sold
660468,ProductX,Lost
711284,ProductX,Lost
187098629,ProductX,Lost
373948100,ProductX,Lost
805130,ProductX,Lost
561697943,ProductX,Lost
555035556,ProductX,Lost
595554164,ProductX,Sold
847239,ProductX,Sold
606485,ProductX,Lost
690715,ProductX,Lost
396858421,ProductX,Lost
526829,ProductX,Lost
361817967,ProductX,Lost
478829515,ProductX,Lost
656796,ProductX,Sold
675815363,ProductX,Sold
556777,ProductX,Lost
684830336,ProductX,Sold
580392307,ProductX,Lost
470050,ProductX,Lost
680794720,ProductX,Sold
624188335,ProductX,Sold
505483,ProductX,Sold
696529,ProductX,Lost
743654,ProductX,Lost
84684104,ProductX,Lost
659960756,ProductX,Lost
317299248,ProductX,Lost
574071100,ProductX,Lost
769354,ProductX,Lost
390963176,ProductX,Lost
585032914,ProductX,Sold
484858033,ProductX,Lost
650500482,ProductX,Lost
207573494,ProductX,Lost
113731813,ProductX,Lost
501688009,ProductX,Lost
724624,ProductX,Lost
305293475,ProductX,Sold
158804709,ProductX,Lost
563846417,ProductX,Sold
46785552,ProductX,Lost
269870061,ProductX,Lost
649980,ProductX,Lost
571670064,ProductX,Lost
622819950,ProductX,Sold
624720065,ProductX,Lost
201144986,ProductX,Lost
762900,ProductX,Lost
550786135,ProductX,Lost
508859,ProductX,Lost
596835921,ProductX,Lost
670518,ProductX,Lost
696395876,ProductX,Sold
650631530,ProductX,Lost
209858008,ProductX,Sold
498365186,ProductX,Lost
595629559,ProductX,Sold
691198979,ProductX,Sold
341511179,ProductX,Sold
610282907,ProductX,Lost
589093,ProductX,Sold
297758595,ProductX,Lost
176905695,ProductX,Lost
784081,ProductX,Sold
682414,ProductX,Lost
682440856,ProductX,Sold
538671551,ProductX,Lost
539333652,ProductX,Lost
663008624,ProductX,Lost
103555875,ProductX,Lost
43385857,ProductX,Lost
572881,ProductX,Lost
725057,ProductX,Lost
667460,ProductX,Lost
257426372,ProductX,Lost
553925267,ProductX,Lost
309834565,ProductX,Lost
518831,ProductX,Lost
86692560,ProductX,Lost
573329658,ProductX,Lost
789998,ProductX,Lost
669730,ProductX,Lost
512583912,ProductX,Lost
564513,ProductX,Sold
546146,ProductX,Lost
469085432,ProductX,Lost
195950886,ProductX,Sold
6114574,ProductX,Lost
826425,ProductX,Lost
432730142,ProductX,Lost
586329526,ProductX,Lost
458450,ProductX,Lost
515079,ProductX,Lost
574944,ProductX,Lost
640551379,ProductX,Lost
815151,ProductX,Lost
682884,ProductX,Lost
646829572,ProductX,Lost
490686,ProductX,Lost
449951106,ProductX,Lost
297803267,ProductX,Lost
390329173,ProductX,Lost
265804316,ProductX,Lost
699446,ProductX,Lost
620282048,ProductX,Lost
579177,ProductX,Lost
505239,ProductX,Lost
682809892,ProductX,Lost
81144308,ProductX,Lost
645086191,ProductX,Lost
684815543,ProductX,Lost
390906691,ProductX,Sold
768308,ProductX,Lost
586519640,ProductX,Lost
194423240,ProductX,Lost
797794,ProductX,Lost
94161910,ProductX,Lost
650549764,ProductX,Lost
194472795,ProductX,Lost
379057918,ProductX,Lost
216951832,ProductX,Lost
584937377,ProductX,Lost
539547460,ProductX,Lost
696135960,ProductX,Sold
569037670,ProductX,Lost
439387789,ProductX,Lost
614566,ProductX,Lost
605921818,ProductX,Lost
572519544,ProductX,Sold
554963846,ProductX,Sold
690838559,ProductX,Sold
369953533,ProductX,Lost
511490,ProductX,Lost
499435488,ProductX,Lost
527258,ProductX,Lost
571437681,ProductX,Lost
209497500,ProductX,Lost
866988,ProductX,Lost
27743223,ProductX,Lost
79999355,ProductX,Lost
589136,ProductX,Lost
641098914,ProductX,Sold
791250,ProductX,Lost
558965,ProductX,Lost
703630,ProductX,Lost
496866,ProductX,Lost
675999926,ProductX,Lost
666392805,ProductX,Sold
102985743,ProductX,Lost
533173866,ProductX,Lost
438414,ProductX,Lost
502225798,ProductX,Lost
563354,ProductX,Sold
598995724,ProductX,Lost
507621846,ProductX,Lost
216931798,ProductX,Lost
474669965,ProductX,Lost
667019489,ProductX,Lost
513322658,ProductX,Sold
374368857,ProductX,Lost
486230,ProductX,Lost
494673034,ProductX,Lost
555644430,ProductX,Sold
755553,ProductX,Lost
189355951,ProductX,Lost
673512470,ProductX,Lost
363186697,ProductX,Lost
456652,ProductX,Lost
716399,ProductX,Lost
374512760,ProductX,Lost
520235,ProductX,Lost
641054270,ProductX,Lost
745697,ProductX,Lost
548139683,ProductX,Lost
155069140,ProductX,Lost
643196011,ProductX,Lost
848303,ProductX,Lost
689643395,ProductX,Lost
419104100,ProductX,Lost
573372764,ProductX,Sold
472289947,ProductX,Lost
559641378,ProductX,Lost
868308,ProductX,Lost
763686,ProductX,Lost
693871224,ProductX,Lost
526187105,ProductX,Lost
674926,ProductX,Sold
466760,ProductX,Lost
702078,ProductX,Sold
505109992,ProductX,Lost
624520,ProductX,Lost
652934928,ProductX,Lost
648208572,ProductX,Sold
556672444,ProductX,Lost
765683,ProductX,Lost
308311969,ProductX,Sold
752727,ProductX,Lost
361788410,ProductX,Lost
436637819,ProductX,Sold
589797913,ProductX,Sold
583031328,ProductX,Lost
272881762,ProductX,Lost
645988,ProductX,Lost
172382787,ProductX,Lost
743179,ProductX,Lost
626155851,ProductX,Sold
347142651,ProductX,Lost
764727,ProductX,Lost
113047753,ProductX,Lost
644560,ProductX,Lost
371463135,ProductX,Sold
584407,ProductX,Lost
763679,ProductX,Lost
654392154,ProductX,Sold
586471031,ProductX,Lost
546359,ProductX,Lost
284191448,ProductX,Lost
534122776,ProductX,Sold
829897,ProductX,Lost
148131130,ProductX,Lost
770201,ProductX,Lost
539912640,ProductX,Lost
559404094,ProductX,Sold
544157990,ProductX,Lost
452642,ProductX,Lost
309801980,ProductX,Lost
775781,ProductX,Lost
218083665,ProductX,Lost
269800266,ProductX,Sold
473698,ProductX,Lost
337039110,ProductX,Lost
602643,ProductX,Lost
676846478,ProductX,Lost
632384711,ProductX,Lost
495909,ProductX,Lost
690520288,ProductX,Lost
530142230,ProductX,Lost
642901,ProductX,Lost
446763382,ProductX,Lost
252227797,ProductX,Lost
523708860,ProductX,Sold
261739735,ProductX,Lost
145442622,ProductX,Lost
560066289,ProductX,Lost
486843808,ProductX,Lost
243570348,ProductX,Lost
655934359,ProductX,Sold
674841958,ProductX,Sold
521627476,ProductX,Sold
223954314,ProductX,Lost
518681,ProductX,Lost
661386,ProductX,Lost
659245233,ProductX,Lost
795891,ProductX,Lost
822607,ProductX,Lost
337828440,ProductX,Lost
501622862,ProductX,Lost
437560,ProductX,Sold
702341075,ProductX,Lost
370864689,ProductX,Lost
626004354,ProductX,Lost
576041542,ProductX,Sold
561413048,ProductX,Sold
193840911,ProductX,Lost
338136123,ProductX,Lost
528001068,ProductX,Lost
581959768,ProductX,Lost
233487100,ProductX,Lost
500816284,ProductX,Lost
711611,ProductX,Lost
491146589,ProductX,Lost
625372412,ProductX,Lost
495428693,ProductX,Lost
686769282,ProductX,Sold
326212588,ProductX,Lost
437509,ProductX,Lost
846732,ProductX,Lost
686949230,ProductX,Sold
741176,ProductX,Lost
589745,ProductX,Lost
657229182,ProductX,Lost
251470089,ProductX,Lost
533691,ProductX,Lost
658485,ProductX,Lost
403755060,ProductX,Lost
576312254,ProductX,Sold
666765624,ProductX,Lost
474413,ProductX,Sold
43395904,ProductX,Lost
222180438,ProductX,Lost
179128286,ProductX,Lost
577287396,ProductX,Lost
378664619,ProductX,Lost
346807878,ProductX,Lost
348272422,ProductX,Lost
538349,ProductX,Lost
338825914,ProductX,Lost
478712,ProductX,Lost
555483,ProductX,Lost
346115381,ProductX,Sold
463742,ProductX,Lost
688210,ProductX,Lost
93134508,ProductX,Lost
558057,ProductX,Lost
607746680,ProductX,Sold
560347044,ProductX,Sold
803679,ProductX,Lost
452718720,ProductX,Lost
350964331,ProductX,Sold
633845679,ProductX,Sold
156300684,ProductX,Lost
64140054,ProductX,Lost
676107,ProductX,Lost
442977101,ProductX,Lost
261669689,ProductX,Lost
491023856,ProductX,Lost
152835693,ProductX,Lost
657480991,ProductX,Sold
720891,ProductX,Lost
178847679,ProductX,Lost
708319201,ProductX,Sold
59718274,ProductX,Lost
13439475,ProductX,Sold
576192,ProductX,Lost
745535,ProductX,Lost
625369518,ProductX,Lost
510275,ProductX,Lost
660745567,ProductX,Lost
389720564,ProductX,Lost
508737941,ProductX,Lost
48802514,ProductX,Lost
514447466,ProductX,Lost
557959567,ProductX,Lost
719996,ProductX,Lost
622942430,ProductX,Lost
645611954,ProductX,Sold
446507,ProductX,Lost
695688707,ProductX,Sold
335712268,ProductX,Lost
601100894,ProductX,Lost
613638,ProductX,Lost
373749107,ProductX,Sold
479126308,ProductX,Sold
621852,ProductX,Sold
363905142,ProductX,Lost
194108144,ProductX,Lost
616840,ProductX,Lost
324011234,ProductX,Sold
537248616,ProductX,Lost
393901012,ProductX,Lost
219902534,ProductX,Lost
215581187,ProductX,Lost
838848,ProductX,Lost
851843,ProductX,Lost
68077094,ProductX,Lost
539901392,ProductX,Lost
33422739,ProductX,Lost
92456261,ProductX,Lost
585206184,ProductX,Lost
741816,ProductX,Lost
583004257,ProductX,Lost
748060,ProductX,Lost
399027145,ProductX,Sold
706040,ProductX,Lost
688510564,ProductX,Sold
355154734,ProductX,Lost
692824204,ProductX,Sold
838149,ProductX,Sold
446550,ProductX,Lost
460980,ProductX,Lost
335916417,ProductX,Lost
501277524,ProductX,Sold
650560279,ProductX,Lost
846887,ProductX,Sold
756059,ProductX,Lost
604699752,ProductX,Lost
745989,ProductX,Lost
229173348,ProductX,Lost
608186,ProductX,Lost
682847882,ProductX,Lost
448056988,ProductX,Lost
447003,ProductX,Lost
120237375,ProductX,Lost
286237008,ProductX,Lost
497288619,ProductX,Lost
546357947,ProductX,Lost
480267524,ProductX,Lost
783833,ProductX,Lost
382704725,ProductX,Lost
485923060,ProductX,Lost
674398,ProductX,Lost
529351451,ProductX,Sold
680319382,ProductX,Lost
484851534,ProductX,Lost
781189,ProductX,Lost
616647408,ProductX,Sold
627045742,ProductX,Sold
295559272,ProductX,Lost
560472194,ProductX,Lost
410584961,ProductX,Lost
585291946,ProductX,Sold
451326,ProductX,Lost
165365195,ProductX,Lost
36300113,ProductX,Lost
663375815,ProductX,Lost
622095040,ProductX,Sold
222503785,ProductX,Lost
343553375,ProductX,Lost
411947520,ProductX,Lost
647037,ProductX,Lost
213289855,ProductX,Lost
257468030,ProductX,Lost
779515,ProductX,Lost
755142,ProductX,Sold
576668,ProductX,Lost
129070888,ProductX,Lost
353826532,ProductX,Sold
399212248,ProductX,Lost
541258849,ProductX,Lost
555920,ProductX,Lost
484551944,ProductX,Lost
546129073,ProductX,Lost
419726422,ProductX,Sold
686907664,ProductX,Sold
490302417,ProductX,Lost
566379040,ProductX,Sold
645973257,ProductX,Lost
512326184,ProductX,Lost
406794449,ProductX,Lost
469078,ProductX,Lost
254289334,ProductX,Lost
230967004,ProductX,Sold
665205,ProductX,Lost
671631374,ProductX,Sold
631125,ProductX,Lost
185819449,ProductX,Lost
456786563,ProductX,Lost
261961262,ProductX,Lost
621526485,ProductX,Lost
682503244,ProductX,Lost
611745221,ProductX,Sold
784323,ProductX,Sold
271928361,ProductX,Lost
683757998,ProductX,Lost
718317,ProductX,Lost
282078042,ProductX,Lost
614436329,ProductX,Lost
546459297,ProductX,Sold
476394,ProductX,Lost
370610059,ProductX,Lost
248375641,ProductX,Lost
624122861,ProductX,Lost
664298,ProductX,Lost
627038140,ProductX,Lost
625405969,ProductX,Lost
114246367,ProductX,Lost
361826266,ProductX,Lost
601132867,ProductX,Lost
655215331,ProductX,Sold
748047,ProductX,Lost
321103308,ProductX,Lost
679788,ProductX,Lost
120237573,ProductX,Lost
780762,ProductX,Lost
675343175,ProductX,Lost
594371,ProductX,Lost
686589,ProductX,Lost
628503597,ProductX,Lost
616755,ProductX,Lost
771382,ProductX,Lost